Year,Zone,Sex,Agegroup,Population,Prevalence,Crude Prevalence Rate
01/01/2000 0:00,Central,F,20 to 29,"23,475",183,0.78
01/01/2000 0:00,Central,F,30 to 39,"29,410",403,1.37
01/01/2000 0:00,Central,F,40 to 49,"29,328",845,2.88
01/01/2000 0:00,Central,F,50 to 59,"21,582","1,492",6.91
01/01/2000 0:00,Central,F,60 to 69,"13,577","1,686",12.42
01/01/2000 0:00,Central,F,70 to 79,"11,175","1,823",16.31
01/01/2000 0:00,Central,F,80 +,"7,973","1,169",14.66
01/01/2000 0:00,Central,M,20 to 29,"22,118",145,0.66
01/01/2000 0:00,Central,M,30 to 39,"26,849",417,1.55
01/01/2000 0:00,Central,M,40 to 49,"27,221",905,3.32
01/01/2000 0:00,Central,M,50 to 59,"20,608","1,945",9.44
01/01/2000 0:00,Central,M,60 to 69,"12,718","2,220",17.46
01/01/2000 0:00,Central,M,70 to 79,"8,289","1,733",20.91
01/01/2000 0:00,Central,M,80 +,"3,798",749,19.72
01/01/2000 0:00,Eastern,F,20 to 29,"8,569",108,1.26
01/01/2000 0:00,Eastern,F,30 to 39,"11,131",236,2.12
01/01/2000 0:00,Eastern,F,40 to 49,"13,870",521,3.76
01/01/2000 0:00,Eastern,F,50 to 59,"11,414",946,8.29
01/01/2000 0:00,Eastern,F,60 to 69,"7,950","1,147",14.43
01/01/2000 0:00,Eastern,F,70 to 79,"6,336","1,195",18.86
01/01/2000 0:00,Eastern,F,80 +,"5,273",852,16.16
01/01/2000 0:00,Eastern,M,20 to 29,"8,517",69,0.81
01/01/2000 0:00,Eastern,M,30 to 39,"10,854",189,1.74
01/01/2000 0:00,Eastern,M,40 to 49,"13,629",603,4.42
01/01/2000 0:00,Eastern,M,50 to 59,"11,828","1,249",10.56
01/01/2000 0:00,Eastern,M,60 to 69,"7,718","1,400",18.14
01/01/2000 0:00,Eastern,M,70 to 79,"5,072","1,184",23.34
01/01/2000 0:00,Eastern,M,80 +,"2,706",580,21.43
01/01/2000 0:00,Northern,F,20 to 29,"8,460",81,0.96
01/01/2000 0:00,Northern,F,30 to 39,"10,816",177,1.64
01/01/2000 0:00,Northern,F,40 to 49,"12,084",336,2.78
01/01/2000 0:00,Northern,F,50 to 59,"9,758",674,6.91
01/01/2000 0:00,Northern,F,60 to 69,"6,507",812,12.48
01/01/2000 0:00,Northern,F,70 to 79,"5,545",879,15.85
01/01/2000 0:00,Northern,F,80 +,"4,436",662,14.92
01/01/2000 0:00,Northern,M,20 to 29,"8,313",71,0.85
01/01/2000 0:00,Northern,M,30 to 39,"10,497",132,1.26
01/01/2000 0:00,Northern,M,40 to 49,"11,934",457,3.83
01/01/2000 0:00,Northern,M,50 to 59,"10,018",878,8.76
01/01/2000 0:00,Northern,M,60 to 69,"6,371",965,15.15
01/01/2000 0:00,Northern,M,70 to 79,"4,332",833,19.23
01/01/2000 0:00,Northern,M,80 +,"2,220",410,18.47
01/01/2000 0:00,Unknown,F,20 to 29,"12,660",82,0.65
01/01/2000 0:00,Unknown,F,30 to 39,"10,151",101,0.99
01/01/2000 0:00,Unknown,F,40 to 49,"7,285",183,2.51
01/01/2000 0:00,Unknown,F,50 to 59,"4,797",306,6.38
01/01/2000 0:00,Unknown,F,60 to 69,"2,886",300,10.4
01/01/2000 0:00,Unknown,F,70 to 79,"2,244",317,14.13
01/01/2000 0:00,Unknown,F,80 +,"1,639",234,14.28
01/01/2000 0:00,Unknown,M,20 to 29,"12,458",78,0.63
01/01/2000 0:00,Unknown,M,30 to 39,"9,211",124,1.35
01/01/2000 0:00,Unknown,M,40 to 49,"6,814",168,2.47
01/01/2000 0:00,Unknown,M,50 to 59,"4,584",382,8.33
01/01/2000 0:00,Unknown,M,60 to 69,"2,738",380,13.88
01/01/2000 0:00,Unknown,M,70 to 79,"1,606",294,18.31
01/01/2000 0:00,Unknown,M,80 +,805,140,17.39
01/01/2000 0:00,Western,F,20 to 29,"10,324",83,0.8
01/01/2000 0:00,Western,F,30 to 39,"14,307",228,1.59
01/01/2000 0:00,Western,F,40 to 49,"16,498",575,3.49
01/01/2000 0:00,Western,F,50 to 59,"13,854","1,039",7.5
01/01/2000 0:00,Western,F,60 to 69,"9,392","1,281",13.64
01/01/2000 0:00,Western,F,70 to 79,"7,542","1,362",18.06
01/01/2000 0:00,Western,F,80 +,"6,034","1,006",16.67
01/01/2000 0:00,Western,M,20 to 29,"10,216",58,0.57
01/01/2000 0:00,Western,M,30 to 39,"13,831",193,1.4
01/01/2000 0:00,Western,M,40 to 49,"15,993",564,3.53
01/01/2000 0:00,Western,M,50 to 59,"13,771","1,321",9.59
01/01/2000 0:00,Western,M,60 to 69,"9,321","1,439",15.44
01/01/2000 0:00,Western,M,70 to 79,"6,367","1,328",20.86
01/01/2000 0:00,Western,M,80 +,"3,440",669,19.45
01/01/2001 0:00,Central,F,20 to 29,"23,533",182,0.77
01/01/2001 0:00,Central,F,30 to 39,"29,177",433,1.48
01/01/2001 0:00,Central,F,40 to 49,"30,288",937,3.09
01/01/2001 0:00,Central,F,50 to 59,"22,571","1,654",7.33
01/01/2001 0:00,Central,F,60 to 69,"13,941","1,816",13.03
01/01/2001 0:00,Central,F,70 to 79,"11,226","1,911",17.02
01/01/2001 0:00,Central,F,80 +,"8,302","1,242",14.96
01/01/2001 0:00,Central,M,20 to 29,"22,276",146,0.66
01/01/2001 0:00,Central,M,30 to 39,"26,681",423,1.59
01/01/2001 0:00,Central,M,40 to 49,"28,299","1,012",3.58
01/01/2001 0:00,Central,M,50 to 59,"21,391","2,120",9.91
01/01/2001 0:00,Central,M,60 to 69,"13,065","2,400",18.37
01/01/2001 0:00,Central,M,70 to 79,"8,454","1,879",22.23
01/01/2001 0:00,Central,M,80 +,"4,085",837,20.49
01/01/2001 0:00,Eastern,F,20 to 29,"8,406",116,1.38
01/01/2001 0:00,Eastern,F,30 to 39,"10,821",241,2.23
01/01/2001 0:00,Eastern,F,40 to 49,"13,904",595,4.28
01/01/2001 0:00,Eastern,F,50 to 59,"11,806",987,8.36
01/01/2001 0:00,Eastern,F,60 to 69,"8,076","1,253",15.52
01/01/2001 0:00,Eastern,F,70 to 79,"6,309","1,252",19.84
01/01/2001 0:00,Eastern,F,80 +,"5,382",918,17.06
01/01/2001 0:00,Eastern,M,20 to 29,"8,334",69,0.83
01/01/2001 0:00,Eastern,M,30 to 39,"10,551",212,2.01
01/01/2001 0:00,Eastern,M,40 to 49,"13,608",620,4.56
01/01/2001 0:00,Eastern,M,50 to 59,"12,161","1,370",11.27
01/01/2001 0:00,Eastern,M,60 to 69,"7,872","1,492",18.95
01/01/2001 0:00,Eastern,M,70 to 79,"5,139","1,249",24.3
01/01/2001 0:00,Eastern,M,80 +,"2,734",603,22.06
01/01/2001 0:00,Northern,F,20 to 29,"8,286",80,0.97
01/01/2001 0:00,Northern,F,30 to 39,"10,577",193,1.82
01/01/2001 0:00,Northern,F,40 to 49,"12,314",400,3.25
01/01/2001 0:00,Northern,F,50 to 59,"10,070",753,7.48
01/01/2001 0:00,Northern,F,60 to 69,"6,655",869,13.06
01/01/2001 0:00,Northern,F,70 to 79,"5,511",911,16.53
01/01/2001 0:00,Northern,F,80 +,"4,554",735,16.14
01/01/2001 0:00,Northern,M,20 to 29,"8,113",72,0.89
01/01/2001 0:00,Northern,M,30 to 39,"10,363",152,1.47
01/01/2001 0:00,Northern,M,40 to 49,"12,008",511,4.26
01/01/2001 0:00,Northern,M,50 to 59,"10,388",956,9.2
01/01/2001 0:00,Northern,M,60 to 69,"6,522","1,066",16.34
01/01/2001 0:00,Northern,M,70 to 79,"4,370",881,20.16
01/01/2001 0:00,Northern,M,80 +,"2,323",459,19.76
01/01/2001 0:00,Unknown,F,20 to 29,"12,168",75,0.62
01/01/2001 0:00,Unknown,F,30 to 39,"9,849",102,1.04
01/01/2001 0:00,Unknown,F,40 to 49,"7,224",197,2.73
01/01/2001 0:00,Unknown,F,50 to 59,"4,862",326,6.71
01/01/2001 0:00,Unknown,F,60 to 69,"2,846",308,10.82
01/01/2001 0:00,Unknown,F,70 to 79,"2,208",312,14.13
01/01/2001 0:00,Unknown,F,80 +,"1,638",245,14.96
01/01/2001 0:00,Unknown,M,20 to 29,"12,169",72,0.59
01/01/2001 0:00,Unknown,M,30 to 39,"9,012",137,1.52
01/01/2001 0:00,Unknown,M,40 to 49,"6,831",182,2.66
01/01/2001 0:00,Unknown,M,50 to 59,"4,661",396,8.5
01/01/2001 0:00,Unknown,M,60 to 69,"2,751",407,14.79
01/01/2001 0:00,Unknown,M,70 to 79,"1,565",306,19.55
01/01/2001 0:00,Unknown,M,80 +,791,133,16.81
01/01/2001 0:00,Western,F,20 to 29,"10,088",87,0.86
01/01/2001 0:00,Western,F,30 to 39,"13,901",235,1.69
01/01/2001 0:00,Western,F,40 to 49,"16,752",633,3.78
01/01/2001 0:00,Western,F,50 to 59,"14,302","1,149",8.03
01/01/2001 0:00,Western,F,60 to 69,"9,580","1,363",14.23
01/01/2001 0:00,Western,F,70 to 79,"7,548","1,434",19
01/01/2001 0:00,Western,F,80 +,"6,201","1,117",18.01
01/01/2001 0:00,Western,M,20 to 29,"10,038",59,0.59
01/01/2001 0:00,Western,M,30 to 39,"13,346",212,1.59
01/01/2001 0:00,Western,M,40 to 49,"16,202",622,3.84
01/01/2001 0:00,Western,M,50 to 59,"14,237","1,417",9.95
01/01/2001 0:00,Western,M,60 to 69,"9,581","1,602",16.72
01/01/2001 0:00,Western,M,70 to 79,"6,431","1,405",21.85
01/01/2001 0:00,Western,M,80 +,"3,524",732,20.77
01/01/2002 0:00,Central,F,20 to 29,"23,760",191,0.8
01/01/2002 0:00,Central,F,30 to 39,"28,856",453,1.57
01/01/2002 0:00,Central,F,40 to 49,"31,289","1,026",3.28
01/01/2002 0:00,Central,F,50 to 59,"23,449","1,777",7.58
01/01/2002 0:00,Central,F,60 to 69,"14,443","1,956",13.54
01/01/2002 0:00,Central,F,70 to 79,"11,242","1,987",17.67
01/01/2002 0:00,Central,F,80 +,"8,555","1,365",15.96
01/01/2002 0:00,Central,M,20 to 29,"22,578",161,0.71
01/01/2002 0:00,Central,M,30 to 39,"26,319",436,1.66
01/01/2002 0:00,Central,M,40 to 49,"29,334","1,130",3.85
01/01/2002 0:00,Central,M,50 to 59,"22,282","2,273",10.2
01/01/2002 0:00,Central,M,60 to 69,"13,524","2,570",19
01/01/2002 0:00,Central,M,70 to 79,"8,663","2,006",23.16
01/01/2002 0:00,Central,M,80 +,"4,268",880,20.62
01/01/2002 0:00,Eastern,F,20 to 29,"8,278",112,1.35
01/01/2002 0:00,Eastern,F,30 to 39,"10,419",269,2.58
01/01/2002 0:00,Eastern,F,40 to 49,"13,969",622,4.45
01/01/2002 0:00,Eastern,F,50 to 59,"12,189","1,065",8.74
01/01/2002 0:00,Eastern,F,60 to 69,"8,274","1,339",16.18
01/01/2002 0:00,Eastern,F,70 to 79,"6,318","1,323",20.94
01/01/2002 0:00,Eastern,F,80 +,"5,448",993,18.23
01/01/2002 0:00,Eastern,M,20 to 29,"8,302",81,0.98
01/01/2002 0:00,Eastern,M,30 to 39,"10,177",220,2.16
01/01/2002 0:00,Eastern,M,40 to 49,"13,537",661,4.88
01/01/2002 0:00,Eastern,M,50 to 59,"12,528","1,476",11.78
01/01/2002 0:00,Eastern,M,60 to 69,"8,112","1,592",19.63
01/01/2002 0:00,Eastern,M,70 to 79,"5,208","1,351",25.94
01/01/2002 0:00,Eastern,M,80 +,"2,738",647,23.63
01/01/2002 0:00,Northern,F,20 to 29,"8,154",79,0.97
01/01/2002 0:00,Northern,F,30 to 39,"10,312",215,2.08
01/01/2002 0:00,Northern,F,40 to 49,"12,446",448,3.6
01/01/2002 0:00,Northern,F,50 to 59,"10,377",821,7.91
01/01/2002 0:00,Northern,F,60 to 69,"6,888",941,13.66
01/01/2002 0:00,Northern,F,70 to 79,"5,522",961,17.4
01/01/2002 0:00,Northern,F,80 +,"4,608",782,16.97
01/01/2002 0:00,Northern,M,20 to 29,"7,968",75,0.94
01/01/2002 0:00,Northern,M,30 to 39,"10,194",162,1.59
01/01/2002 0:00,Northern,M,40 to 49,"12,069",530,4.39
01/01/2002 0:00,Northern,M,50 to 59,"10,630","1,075",10.11
01/01/2002 0:00,Northern,M,60 to 69,"6,819","1,157",16.97
01/01/2002 0:00,Northern,M,70 to 79,"4,435",971,21.89
01/01/2002 0:00,Northern,M,80 +,"2,382",490,20.57
01/01/2002 0:00,Unknown,F,20 to 29,"11,948",77,0.64
01/01/2002 0:00,Unknown,F,30 to 39,"9,497",105,1.11
01/01/2002 0:00,Unknown,F,40 to 49,"7,259",207,2.85
01/01/2002 0:00,Unknown,F,50 to 59,"4,964",333,6.71
01/01/2002 0:00,Unknown,F,60 to 69,"2,895",362,12.5
01/01/2002 0:00,Unknown,F,70 to 79,"2,091",301,14.4
01/01/2002 0:00,Unknown,F,80 +,"1,647",258,15.66
01/01/2002 0:00,Unknown,M,20 to 29,"11,909",76,0.64
01/01/2002 0:00,Unknown,M,30 to 39,"8,812",138,1.57
01/01/2002 0:00,Unknown,M,40 to 49,"6,876",188,2.73
01/01/2002 0:00,Unknown,M,50 to 59,"4,662",411,8.82
01/01/2002 0:00,Unknown,M,60 to 69,"2,790",421,15.09
01/01/2002 0:00,Unknown,M,70 to 79,"1,547",307,19.84
01/01/2002 0:00,Unknown,M,80 +,808,151,18.69
01/01/2002 0:00,Western,F,20 to 29,"9,945",85,0.85
01/01/2002 0:00,Western,F,30 to 39,"13,432",242,1.8
01/01/2002 0:00,Western,F,40 to 49,"16,952",673,3.97
01/01/2002 0:00,Western,F,50 to 59,"14,674","1,253",8.54
01/01/2002 0:00,Western,F,60 to 69,"9,925","1,442",14.53
01/01/2002 0:00,Western,F,70 to 79,"7,587","1,509",19.89
01/01/2002 0:00,Western,F,80 +,"6,292","1,199",19.06
01/01/2002 0:00,Western,M,20 to 29,"9,871",65,0.66
01/01/2002 0:00,Western,M,30 to 39,"12,969",212,1.63
01/01/2002 0:00,Western,M,40 to 49,"16,389",671,4.09
01/01/2002 0:00,Western,M,50 to 59,"14,601","1,537",10.53
01/01/2002 0:00,Western,M,60 to 69,"9,894","1,737",17.56
01/01/2002 0:00,Western,M,70 to 79,"6,480","1,491",23.01
01/01/2002 0:00,Western,M,80 +,"3,627",790,21.78
01/01/2003 0:00,Central,F,20 to 29,"24,009",194,0.81
01/01/2003 0:00,Central,F,30 to 39,"28,577",491,1.72
01/01/2003 0:00,Central,F,40 to 49,"32,038","1,132",3.53
01/01/2003 0:00,Central,F,50 to 59,"24,468","1,910",7.81
01/01/2003 0:00,Central,F,60 to 69,"14,963","2,105",14.07
01/01/2003 0:00,Central,F,70 to 79,"11,307","2,089",18.48
01/01/2003 0:00,Central,F,80 +,"8,796","1,428",16.23
01/01/2003 0:00,Central,M,20 to 29,"23,124",167,0.72
01/01/2003 0:00,Central,M,30 to 39,"25,977",441,1.7
01/01/2003 0:00,Central,M,40 to 49,"30,228","1,231",4.07
01/01/2003 0:00,Central,M,50 to 59,"23,194","2,398",10.34
01/01/2003 0:00,Central,M,60 to 69,"14,068","2,777",19.74
01/01/2003 0:00,Central,M,70 to 79,"8,821","2,147",24.34
01/01/2003 0:00,Central,M,80 +,"4,392",930,21.17
01/01/2003 0:00,Eastern,F,20 to 29,"8,227",110,1.34
01/01/2003 0:00,Eastern,F,30 to 39,"10,105",288,2.85
01/01/2003 0:00,Eastern,F,40 to 49,"13,874",621,4.48
01/01/2003 0:00,Eastern,F,50 to 59,"12,510","1,184",9.46
01/01/2003 0:00,Eastern,F,60 to 69,"8,505","1,392",16.37
01/01/2003 0:00,Eastern,F,70 to 79,"6,344","1,387",21.86
01/01/2003 0:00,Eastern,F,80 +,"5,440","1,022",18.79
01/01/2003 0:00,Eastern,M,20 to 29,"8,365",92,1.1
01/01/2003 0:00,Eastern,M,30 to 39,"9,881",233,2.36
01/01/2003 0:00,Eastern,M,40 to 49,"13,370",678,5.07
01/01/2003 0:00,Eastern,M,50 to 59,"12,903","1,577",12.22
01/01/2003 0:00,Eastern,M,60 to 69,"8,418","1,677",19.92
01/01/2003 0:00,Eastern,M,70 to 79,"5,186","1,418",27.34
01/01/2003 0:00,Eastern,M,80 +,"2,793",671,24.02
01/01/2003 0:00,Northern,F,20 to 29,"8,056",75,0.93
01/01/2003 0:00,Northern,F,30 to 39,"10,142",217,2.14
01/01/2003 0:00,Northern,F,40 to 49,"12,463",501,4.02
01/01/2003 0:00,Northern,F,50 to 59,"10,797",892,8.26
01/01/2003 0:00,Northern,F,60 to 69,"7,121","1,007",14.14
01/01/2003 0:00,Northern,F,70 to 79,"5,523",991,17.94
01/01/2003 0:00,Northern,F,80 +,"4,623",819,17.72
01/01/2003 0:00,Northern,M,20 to 29,"7,969",69,0.87
01/01/2003 0:00,Northern,M,30 to 39,"9,905",185,1.87
01/01/2003 0:00,Northern,M,40 to 49,"12,166",546,4.49
01/01/2003 0:00,Northern,M,50 to 59,"10,946","1,141",10.42
01/01/2003 0:00,Northern,M,60 to 69,"7,112","1,251",17.59
01/01/2003 0:00,Northern,M,70 to 79,"4,510","1,037",22.99
01/01/2003 0:00,Northern,M,80 +,"2,398",514,21.43
01/01/2003 0:00,Unknown,F,20 to 29,"12,041",77,0.64
01/01/2003 0:00,Unknown,F,30 to 39,"9,096",102,1.12
01/01/2003 0:00,Unknown,F,40 to 49,"7,260",224,3.09
01/01/2003 0:00,Unknown,F,50 to 59,"5,053",331,6.55
01/01/2003 0:00,Unknown,F,60 to 69,"2,966",396,13.35
01/01/2003 0:00,Unknown,F,70 to 79,"2,021",318,15.73
01/01/2003 0:00,Unknown,F,80 +,"1,620",266,16.42
01/01/2003 0:00,Unknown,M,20 to 29,"11,788",77,0.65
01/01/2003 0:00,Unknown,M,30 to 39,"8,546",138,1.61
01/01/2003 0:00,Unknown,M,40 to 49,"6,974",214,3.07
01/01/2003 0:00,Unknown,M,50 to 59,"4,683",403,8.61
01/01/2003 0:00,Unknown,M,60 to 69,"2,789",464,16.64
01/01/2003 0:00,Unknown,M,70 to 79,"1,554",322,20.72
01/01/2003 0:00,Unknown,M,80 +,803,150,18.68
01/01/2003 0:00,Western,F,20 to 29,"9,884",87,0.88
01/01/2003 0:00,Western,F,30 to 39,"12,881",240,1.86
01/01/2003 0:00,Western,F,40 to 49,"17,201",726,4.22
01/01/2003 0:00,Western,F,50 to 59,"15,074","1,338",8.88
01/01/2003 0:00,Western,F,60 to 69,"10,284","1,571",15.28
01/01/2003 0:00,Western,F,70 to 79,"7,637","1,596",20.9
01/01/2003 0:00,Western,F,80 +,"6,390","1,245",19.48
01/01/2003 0:00,Western,M,20 to 29,"9,818",73,0.74
01/01/2003 0:00,Western,M,30 to 39,"12,548",206,1.64
01/01/2003 0:00,Western,M,40 to 49,"16,531",710,4.29
01/01/2003 0:00,Western,M,50 to 59,"15,003","1,660",11.06
01/01/2003 0:00,Western,M,60 to 69,"10,217","1,898",18.58
01/01/2003 0:00,Western,M,70 to 79,"6,603","1,554",23.53
01/01/2003 0:00,Western,M,80 +,"3,707",881,23.77
01/01/2004 0:00,Central,F,20 to 29,"24,434",194,0.79
01/01/2004 0:00,Central,F,30 to 39,"28,163",512,1.82
01/01/2004 0:00,Central,F,40 to 49,"32,658","1,213",3.71
01/01/2004 0:00,Central,F,50 to 59,"25,516","2,058",8.07
01/01/2004 0:00,Central,F,60 to 69,"15,558","2,268",14.58
01/01/2004 0:00,Central,F,70 to 79,"11,394","2,218",19.47
01/01/2004 0:00,Central,F,80 +,"8,973","1,490",16.61
01/01/2004 0:00,Central,M,20 to 29,"23,630",179,0.76
01/01/2004 0:00,Central,M,30 to 39,"25,732",460,1.79
01/01/2004 0:00,Central,M,40 to 49,"30,885","1,383",4.48
01/01/2004 0:00,Central,M,50 to 59,"24,093","2,554",10.6
01/01/2004 0:00,Central,M,60 to 69,"14,630","2,968",20.29
01/01/2004 0:00,Central,M,70 to 79,"9,025","2,299",25.47
01/01/2004 0:00,Central,M,80 +,"4,542",991,21.82
01/01/2004 0:00,Eastern,F,20 to 29,"8,142",103,1.27
01/01/2004 0:00,Eastern,F,30 to 39,"9,770",285,2.92
01/01/2004 0:00,Eastern,F,40 to 49,"13,787",644,4.67
01/01/2004 0:00,Eastern,F,50 to 59,"12,906","1,280",9.92
01/01/2004 0:00,Eastern,F,60 to 69,"8,809","1,491",16.93
01/01/2004 0:00,Eastern,F,70 to 79,"6,321","1,455",23.02
01/01/2004 0:00,Eastern,F,80 +,"5,490","1,089",19.84
01/01/2004 0:00,Eastern,M,20 to 29,"8,342",99,1.19
01/01/2004 0:00,Eastern,M,30 to 39,"9,667",249,2.58
01/01/2004 0:00,Eastern,M,40 to 49,"13,168",674,5.12
01/01/2004 0:00,Eastern,M,50 to 59,"13,366","1,722",12.88
01/01/2004 0:00,Eastern,M,60 to 69,"8,627","1,780",20.63
01/01/2004 0:00,Eastern,M,70 to 79,"5,228","1,450",27.74
01/01/2004 0:00,Eastern,M,80 +,"2,846",732,25.72
01/01/2004 0:00,Northern,F,20 to 29,"7,978",78,0.98
01/01/2004 0:00,Northern,F,30 to 39,"9,971",219,2.2
01/01/2004 0:00,Northern,F,40 to 49,"12,441",545,4.38
01/01/2004 0:00,Northern,F,50 to 59,"11,277",957,8.49
01/01/2004 0:00,Northern,F,60 to 69,"7,298","1,104",15.13
01/01/2004 0:00,Northern,F,70 to 79,"5,490","1,036",18.87
01/01/2004 0:00,Northern,F,80 +,"4,729",859,18.16
01/01/2004 0:00,Northern,M,20 to 29,"8,019",70,0.87
01/01/2004 0:00,Northern,M,30 to 39,"9,594",205,2.14
01/01/2004 0:00,Northern,M,40 to 49,"12,228",580,4.74
01/01/2004 0:00,Northern,M,50 to 59,"11,304","1,229",10.87
01/01/2004 0:00,Northern,M,60 to 69,"7,432","1,387",18.66
01/01/2004 0:00,Northern,M,70 to 79,"4,545","1,077",23.7
01/01/2004 0:00,Northern,M,80 +,"2,477",549,22.16
01/01/2004 0:00,Unknown,F,20 to 29,"11,999",71,0.59
01/01/2004 0:00,Unknown,F,30 to 39,"8,789",110,1.25
01/01/2004 0:00,Unknown,F,40 to 49,"7,237",220,3.04
01/01/2004 0:00,Unknown,F,50 to 59,"5,158",354,6.86
01/01/2004 0:00,Unknown,F,60 to 69,"3,033",418,13.78
01/01/2004 0:00,Unknown,F,70 to 79,"1,963",325,16.56
01/01/2004 0:00,Unknown,F,80 +,"1,596",267,16.73
01/01/2004 0:00,Unknown,M,20 to 29,"11,699",75,0.64
01/01/2004 0:00,Unknown,M,30 to 39,"8,275",140,1.69
01/01/2004 0:00,Unknown,M,40 to 49,"6,954",219,3.15
01/01/2004 0:00,Unknown,M,50 to 59,"4,802",441,9.18
01/01/2004 0:00,Unknown,M,60 to 69,"2,810",497,17.69
01/01/2004 0:00,Unknown,M,70 to 79,"1,544",334,21.63
01/01/2004 0:00,Unknown,M,80 +,802,166,20.7
01/01/2004 0:00,Western,F,20 to 29,"9,833",87,0.88
01/01/2004 0:00,Western,F,30 to 39,"12,455",262,2.1
01/01/2004 0:00,Western,F,40 to 49,"17,280",763,4.42
01/01/2004 0:00,Western,F,50 to 59,"15,595","1,462",9.37
01/01/2004 0:00,Western,F,60 to 69,"10,608","1,701",16.04
01/01/2004 0:00,Western,F,70 to 79,"7,697","1,677",21.79
01/01/2004 0:00,Western,F,80 +,"6,433","1,290",20.05
01/01/2004 0:00,Western,M,20 to 29,"9,784",71,0.73
01/01/2004 0:00,Western,M,30 to 39,"12,111",230,1.9
01/01/2004 0:00,Western,M,40 to 49,"16,601",769,4.63
01/01/2004 0:00,Western,M,50 to 59,"15,411","1,783",11.57
01/01/2004 0:00,Western,M,60 to 69,"10,560","2,064",19.55
01/01/2004 0:00,Western,M,70 to 79,"6,736","1,649",24.48
01/01/2004 0:00,Western,M,80 +,"3,746",926,24.72
01/01/2005 0:00,Central,F,20 to 29,"24,753",209,0.84
01/01/2005 0:00,Central,F,30 to 39,"28,195",535,1.9
01/01/2005 0:00,Central,F,40 to 49,"32,938","1,284",3.9
01/01/2005 0:00,Central,F,50 to 59,"26,659","2,239",8.4
01/01/2005 0:00,Central,F,60 to 69,"16,270","2,452",15.07
01/01/2005 0:00,Central,F,70 to 79,"11,350","2,320",20.44
01/01/2005 0:00,Central,F,80 +,"9,150","1,597",17.45
01/01/2005 0:00,Central,M,20 to 29,"24,081",193,0.8
01/01/2005 0:00,Central,M,30 to 39,"25,711",463,1.8
01/01/2005 0:00,Central,M,40 to 49,"31,304","1,458",4.66
01/01/2005 0:00,Central,M,50 to 59,"25,057","2,727",10.88
01/01/2005 0:00,Central,M,60 to 69,"15,285","3,203",20.96
01/01/2005 0:00,Central,M,70 to 79,"9,255","2,469",26.68
01/01/2005 0:00,Central,M,80 +,"4,656","1,061",22.79
01/01/2005 0:00,Eastern,F,20 to 29,"8,113",105,1.29
01/01/2005 0:00,Eastern,F,30 to 39,"9,580",282,2.94
01/01/2005 0:00,Eastern,F,40 to 49,"13,574",683,5.03
01/01/2005 0:00,Eastern,F,50 to 59,"13,299","1,381",10.38
01/01/2005 0:00,Eastern,F,60 to 69,"9,035","1,625",17.99
01/01/2005 0:00,Eastern,F,70 to 79,"6,373","1,502",23.57
01/01/2005 0:00,Eastern,F,80 +,"5,483","1,153",21.03
01/01/2005 0:00,Eastern,M,20 to 29,"8,310",107,1.29
01/01/2005 0:00,Eastern,M,30 to 39,"9,547",247,2.59
01/01/2005 0:00,Eastern,M,40 to 49,"12,926",722,5.59
01/01/2005 0:00,Eastern,M,50 to 59,"13,605","1,816",13.35
01/01/2005 0:00,Eastern,M,60 to 69,"8,907","1,944",21.83
01/01/2005 0:00,Eastern,M,70 to 79,"5,336","1,523",28.54
01/01/2005 0:00,Eastern,M,80 +,"2,874",758,26.37
01/01/2005 0:00,Northern,F,20 to 29,"7,959",77,0.97
01/01/2005 0:00,Northern,F,30 to 39,"9,740",232,2.38
01/01/2005 0:00,Northern,F,40 to 49,"12,434",562,4.52
01/01/2005 0:00,Northern,F,50 to 59,"11,577","1,032",8.91
01/01/2005 0:00,Northern,F,60 to 69,"7,581","1,149",15.16
01/01/2005 0:00,Northern,F,70 to 79,"5,507","1,101",19.99
01/01/2005 0:00,Northern,F,80 +,"4,788",920,19.21
01/01/2005 0:00,Northern,M,20 to 29,"7,973",80,1
01/01/2005 0:00,Northern,M,30 to 39,"9,445",214,2.27
01/01/2005 0:00,Northern,M,40 to 49,"12,143",577,4.75
01/01/2005 0:00,Northern,M,50 to 59,"11,612","1,290",11.11
01/01/2005 0:00,Northern,M,60 to 69,"7,671","1,477",19.25
01/01/2005 0:00,Northern,M,70 to 79,"4,641","1,106",23.83
01/01/2005 0:00,Northern,M,80 +,"2,527",579,22.91
01/01/2005 0:00,Unknown,F,20 to 29,"11,830",81,0.68
01/01/2005 0:00,Unknown,F,30 to 39,"8,521",107,1.26
01/01/2005 0:00,Unknown,F,40 to 49,"7,143",219,3.07
01/01/2005 0:00,Unknown,F,50 to 59,"5,194",394,7.59
01/01/2005 0:00,Unknown,F,60 to 69,"3,091",431,13.94
01/01/2005 0:00,Unknown,F,70 to 79,"1,855",333,17.95
01/01/2005 0:00,Unknown,F,80 +,"1,595",274,17.18
01/01/2005 0:00,Unknown,M,20 to 29,"11,520",78,0.68
01/01/2005 0:00,Unknown,M,30 to 39,"7,955",139,1.75
01/01/2005 0:00,Unknown,M,40 to 49,"6,878",253,3.68
01/01/2005 0:00,Unknown,M,50 to 59,"4,848",453,9.34
01/01/2005 0:00,Unknown,M,60 to 69,"2,826",486,17.2
01/01/2005 0:00,Unknown,M,70 to 79,"1,529",358,23.41
01/01/2005 0:00,Unknown,M,80 +,799,169,21.15
01/01/2005 0:00,Western,F,20 to 29,"9,806",90,0.92
01/01/2005 0:00,Western,F,30 to 39,"12,087",269,2.23
01/01/2005 0:00,Western,F,40 to 49,"17,219",779,4.52
01/01/2005 0:00,Western,F,50 to 59,"15,987","1,565",9.79
01/01/2005 0:00,Western,F,60 to 69,"11,042","1,821",16.49
01/01/2005 0:00,Western,F,70 to 79,"7,757","1,737",22.39
01/01/2005 0:00,Western,F,80 +,"6,468","1,366",21.12
01/01/2005 0:00,Western,M,20 to 29,"9,726",87,0.89
01/01/2005 0:00,Western,M,30 to 39,"11,861",230,1.94
01/01/2005 0:00,Western,M,40 to 49,"16,500",857,5.19
01/01/2005 0:00,Western,M,50 to 59,"15,692","1,849",11.78
01/01/2005 0:00,Western,M,60 to 69,"10,950","2,249",20.54
01/01/2005 0:00,Western,M,70 to 79,"6,875","1,747",25.41
01/01/2005 0:00,Western,M,80 +,"3,828",965,25.21
01/01/2006 0:00,Central,F,20 to 29,"25,210",216,0.86
01/01/2006 0:00,Central,F,30 to 39,"28,270",532,1.88
01/01/2006 0:00,Central,F,40 to 49,"33,209","1,356",4.08
01/01/2006 0:00,Central,F,50 to 59,"27,306","2,404",8.8
01/01/2006 0:00,Central,F,60 to 69,"17,388","2,685",15.44
01/01/2006 0:00,Central,F,70 to 79,"11,409","2,454",21.51
01/01/2006 0:00,Central,F,80 +,"9,433","1,744",18.49
01/01/2006 0:00,Central,M,20 to 29,"24,563",218,0.89
01/01/2006 0:00,Central,M,30 to 39,"25,865",461,1.78
01/01/2006 0:00,Central,M,40 to 49,"31,540","1,514",4.8
01/01/2006 0:00,Central,M,50 to 59,"25,813","2,969",11.5
01/01/2006 0:00,Central,M,60 to 69,"16,324","3,505",21.47
01/01/2006 0:00,Central,M,70 to 79,"9,507","2,619",27.55
01/01/2006 0:00,Central,M,80 +,"4,813","1,189",24.7
01/01/2006 0:00,Eastern,F,20 to 29,"8,078",110,1.36
01/01/2006 0:00,Eastern,F,30 to 39,"9,373",296,3.16
01/01/2006 0:00,Eastern,F,40 to 49,"13,293",725,5.45
01/01/2006 0:00,Eastern,F,50 to 59,"13,417","1,388",10.35
01/01/2006 0:00,Eastern,F,60 to 69,"9,509","1,756",18.47
01/01/2006 0:00,Eastern,F,70 to 79,"6,518","1,604",24.61
01/01/2006 0:00,Eastern,F,80 +,"5,494","1,193",21.71
01/01/2006 0:00,Eastern,M,20 to 29,"8,281",110,1.33
01/01/2006 0:00,Eastern,M,30 to 39,"9,297",264,2.84
01/01/2006 0:00,Eastern,M,40 to 49,"12,642",722,5.71
01/01/2006 0:00,Eastern,M,50 to 59,"13,667","1,868",13.67
01/01/2006 0:00,Eastern,M,60 to 69,"9,448","2,137",22.62
01/01/2006 0:00,Eastern,M,70 to 79,"5,434","1,568",28.86
01/01/2006 0:00,Eastern,M,80 +,"2,853",788,27.62
01/01/2006 0:00,Northern,F,20 to 29,"7,825",73,0.93
01/01/2006 0:00,Northern,F,30 to 39,"9,646",243,2.52
01/01/2006 0:00,Northern,F,40 to 49,"12,365",584,4.72
01/01/2006 0:00,Northern,F,50 to 59,"11,720","1,072",9.15
01/01/2006 0:00,Northern,F,60 to 69,"8,034","1,252",15.58
01/01/2006 0:00,Northern,F,70 to 79,"5,535","1,145",20.69
01/01/2006 0:00,Northern,F,80 +,"4,834",972,20.11
01/01/2006 0:00,Northern,M,20 to 29,"7,840",88,1.12
01/01/2006 0:00,Northern,M,30 to 39,"9,381",211,2.25
01/01/2006 0:00,Northern,M,40 to 49,"11,988",600,5.01
01/01/2006 0:00,Northern,M,50 to 59,"11,752","1,344",11.44
01/01/2006 0:00,Northern,M,60 to 69,"8,189","1,616",19.73
01/01/2006 0:00,Northern,M,70 to 79,"4,743","1,171",24.69
01/01/2006 0:00,Northern,M,80 +,"2,580",634,24.57
01/01/2006 0:00,Unknown,F,20 to 29,"11,597",75,0.65
01/01/2006 0:00,Unknown,F,30 to 39,"8,101",109,1.35
01/01/2006 0:00,Unknown,F,40 to 49,"6,850",213,3.11
01/01/2006 0:00,Unknown,F,50 to 59,"5,194",406,7.82
01/01/2006 0:00,Unknown,F,60 to 69,"3,227",428,13.26
01/01/2006 0:00,Unknown,F,70 to 79,"1,786",360,20.16
01/01/2006 0:00,Unknown,F,80 +,"1,653",298,18.03
01/01/2006 0:00,Unknown,M,20 to 29,"11,045",91,0.82
01/01/2006 0:00,Unknown,M,30 to 39,"7,523",141,1.87
01/01/2006 0:00,Unknown,M,40 to 49,"6,678",278,4.16
01/01/2006 0:00,Unknown,M,50 to 59,"4,806",461,9.59
01/01/2006 0:00,Unknown,M,60 to 69,"2,950",526,17.83
01/01/2006 0:00,Unknown,M,70 to 79,"1,516",353,23.28
01/01/2006 0:00,Unknown,M,80 +,791,171,21.62
01/01/2006 0:00,Western,F,20 to 29,"9,771",90,0.92
01/01/2006 0:00,Western,F,30 to 39,"11,942",277,2.32
01/01/2006 0:00,Western,F,40 to 49,"16,908",838,4.96
01/01/2006 0:00,Western,F,50 to 59,"16,158","1,619",10.02
01/01/2006 0:00,Western,F,60 to 69,"11,768","2,018",17.15
01/01/2006 0:00,Western,F,70 to 79,"7,823","1,859",23.76
01/01/2006 0:00,Western,F,80 +,"6,563","1,447",22.05
01/01/2006 0:00,Western,M,20 to 29,"9,683",93,0.96
01/01/2006 0:00,Western,M,30 to 39,"11,610",261,2.25
01/01/2006 0:00,Western,M,40 to 49,"16,279",868,5.33
01/01/2006 0:00,Western,M,50 to 59,"15,847","1,958",12.36
01/01/2006 0:00,Western,M,60 to 69,"11,539","2,461",21.33
01/01/2006 0:00,Western,M,70 to 79,"7,061","1,864",26.4
01/01/2006 0:00,Western,M,80 +,"3,886","1,024",26.35
01/01/2007 0:00,Central,F,20 to 29,"25,666",236,0.92
01/01/2007 0:00,Central,F,30 to 39,"28,473",541,1.9
01/01/2007 0:00,Central,F,40 to 49,"33,352","1,383",4.15
01/01/2007 0:00,Central,F,50 to 59,"27,916","2,522",9.03
01/01/2007 0:00,Central,F,60 to 69,"18,623","2,933",15.75
01/01/2007 0:00,Central,F,70 to 79,"11,507","2,528",21.97
01/01/2007 0:00,Central,F,80 +,"9,594","1,863",19.42
01/01/2007 0:00,Central,M,20 to 29,"24,866",233,0.94
01/01/2007 0:00,Central,M,30 to 39,"26,160",484,1.85
01/01/2007 0:00,Central,M,40 to 49,"31,446","1,598",5.08
01/01/2007 0:00,Central,M,50 to 59,"26,601","3,096",11.64
01/01/2007 0:00,Central,M,60 to 69,"17,445","3,790",21.73
01/01/2007 0:00,Central,M,70 to 79,"9,706","2,761",28.45
01/01/2007 0:00,Central,M,80 +,"4,950","1,290",26.06
01/01/2007 0:00,Eastern,F,20 to 29,"8,028",101,1.26
01/01/2007 0:00,Eastern,F,30 to 39,"9,261",307,3.31
01/01/2007 0:00,Eastern,F,40 to 49,"12,836",723,5.63
01/01/2007 0:00,Eastern,F,50 to 59,"13,590","1,414",10.4
01/01/2007 0:00,Eastern,F,60 to 69,"10,062","1,897",18.85
01/01/2007 0:00,Eastern,F,70 to 79,"6,547","1,664",25.42
01/01/2007 0:00,Eastern,F,80 +,"5,517","1,236",22.4
01/01/2007 0:00,Eastern,M,20 to 29,"8,321",120,1.44
01/01/2007 0:00,Eastern,M,30 to 39,"9,088",250,2.75
01/01/2007 0:00,Eastern,M,40 to 49,"12,329",716,5.81
01/01/2007 0:00,Eastern,M,50 to 59,"13,619","1,892",13.89
01/01/2007 0:00,Eastern,M,60 to 69,"9,963","2,309",23.18
01/01/2007 0:00,Eastern,M,70 to 79,"5,581","1,634",29.28
01/01/2007 0:00,Eastern,M,80 +,"2,894",848,29.3
01/01/2007 0:00,Northern,F,20 to 29,"7,823",73,0.93
01/01/2007 0:00,Northern,F,30 to 39,"9,525",250,2.62
01/01/2007 0:00,Northern,F,40 to 49,"12,133",598,4.93
01/01/2007 0:00,Northern,F,50 to 59,"11,890","1,094",9.2
01/01/2007 0:00,Northern,F,60 to 69,"8,603","1,336",15.53
01/01/2007 0:00,Northern,F,70 to 79,"5,540","1,214",21.91
01/01/2007 0:00,Northern,F,80 +,"4,873",984,20.19
01/01/2007 0:00,Northern,M,20 to 29,"7,757",98,1.26
01/01/2007 0:00,Northern,M,30 to 39,"9,241",218,2.36
01/01/2007 0:00,Northern,M,40 to 49,"11,782",614,5.21
01/01/2007 0:00,Northern,M,50 to 59,"11,947","1,391",11.64
01/01/2007 0:00,Northern,M,60 to 69,"8,615","1,733",20.12
01/01/2007 0:00,Northern,M,70 to 79,"4,854","1,229",25.32
01/01/2007 0:00,Northern,M,80 +,"2,626",682,25.97
01/01/2007 0:00,Unknown,F,20 to 29,"10,959",81,0.74
01/01/2007 0:00,Unknown,F,30 to 39,"7,658",113,1.48
01/01/2007 0:00,Unknown,F,40 to 49,"6,499",203,3.12
01/01/2007 0:00,Unknown,F,50 to 59,"5,102",382,7.49
01/01/2007 0:00,Unknown,F,60 to 69,"3,313",449,13.55
01/01/2007 0:00,Unknown,F,70 to 79,"1,789",351,19.62
01/01/2007 0:00,Unknown,F,80 +,"1,625",302,18.58
01/01/2007 0:00,Unknown,M,20 to 29,"10,307",96,0.93
01/01/2007 0:00,Unknown,M,30 to 39,"7,043",126,1.79
01/01/2007 0:00,Unknown,M,40 to 49,"6,294",266,4.23
01/01/2007 0:00,Unknown,M,50 to 59,"4,699",444,9.45
01/01/2007 0:00,Unknown,M,60 to 69,"3,012",539,17.9
01/01/2007 0:00,Unknown,M,70 to 79,"1,532",346,22.58
01/01/2007 0:00,Unknown,M,80 +,790,192,24.3
01/01/2007 0:00,Western,F,20 to 29,"9,718",91,0.94
01/01/2007 0:00,Western,F,30 to 39,"11,763",283,2.41
01/01/2007 0:00,Western,F,40 to 49,"16,546",827,5
01/01/2007 0:00,Western,F,50 to 59,"16,376","1,665",10.17
01/01/2007 0:00,Western,F,60 to 69,"12,446","2,179",17.51
01/01/2007 0:00,Western,F,70 to 79,"8,007","1,919",23.97
01/01/2007 0:00,Western,F,80 +,"6,600","1,531",23.2
01/01/2007 0:00,Western,M,20 to 29,"9,623",97,1.01
01/01/2007 0:00,Western,M,30 to 39,"11,394",267,2.34
01/01/2007 0:00,Western,M,40 to 49,"15,816",877,5.55
01/01/2007 0:00,Western,M,50 to 59,"16,126","1,978",12.27
01/01/2007 0:00,Western,M,60 to 69,"12,183","2,681",22.01
01/01/2007 0:00,Western,M,70 to 79,"7,238","1,923",26.57
01/01/2007 0:00,Western,M,80 +,"3,972","1,092",27.49
01/01/2008 0:00,Central,F,20 to 29,"26,203",252,0.96
01/01/2008 0:00,Central,F,30 to 39,"28,817",547,1.9
01/01/2008 0:00,Central,F,40 to 49,"33,285","1,456",4.37
01/01/2008 0:00,Central,F,50 to 59,"28,893","2,610",9.03
01/01/2008 0:00,Central,F,60 to 69,"19,638","3,177",16.18
01/01/2008 0:00,Central,F,70 to 79,"11,745","2,628",22.38
01/01/2008 0:00,Central,F,80 +,"9,748","2,024",20.76
01/01/2008 0:00,Central,M,20 to 29,"25,565",259,1.01
01/01/2008 0:00,Central,M,30 to 39,"26,525",498,1.88
01/01/2008 0:00,Central,M,40 to 49,"31,537","1,688",5.35
01/01/2008 0:00,Central,M,50 to 59,"27,471","3,253",11.84
01/01/2008 0:00,Central,M,60 to 69,"18,366","4,074",22.18
01/01/2008 0:00,Central,M,70 to 79,"9,999","2,980",29.8
01/01/2008 0:00,Central,M,80 +,"5,122","1,408",27.49
01/01/2008 0:00,Eastern,F,20 to 29,"7,981",106,1.33
01/01/2008 0:00,Eastern,F,30 to 39,"9,173",301,3.28
01/01/2008 0:00,Eastern,F,40 to 49,"12,470",741,5.94
01/01/2008 0:00,Eastern,F,50 to 59,"13,766","1,435",10.42
01/01/2008 0:00,Eastern,F,60 to 69,"10,501","2,002",19.06
01/01/2008 0:00,Eastern,F,70 to 79,"6,649","1,725",25.94
01/01/2008 0:00,Eastern,F,80 +,"5,558","1,302",23.43
01/01/2008 0:00,Eastern,M,20 to 29,"8,393",132,1.57
01/01/2008 0:00,Eastern,M,30 to 39,"9,036",242,2.68
01/01/2008 0:00,Eastern,M,40 to 49,"12,072",735,6.09
01/01/2008 0:00,Eastern,M,50 to 59,"13,649","1,846",13.52
01/01/2008 0:00,Eastern,M,60 to 69,"10,374","2,502",24.12
01/01/2008 0:00,Eastern,M,70 to 79,"5,753","1,732",30.11
01/01/2008 0:00,Eastern,M,80 +,"2,944",927,31.49
01/01/2008 0:00,Northern,F,20 to 29,"7,803",66,0.85
01/01/2008 0:00,Northern,F,30 to 39,"9,507",251,2.64
01/01/2008 0:00,Northern,F,40 to 49,"11,934",598,5.01
01/01/2008 0:00,Northern,F,50 to 59,"12,053","1,121",9.3
01/01/2008 0:00,Northern,F,60 to 69,"8,987","1,431",15.92
01/01/2008 0:00,Northern,F,70 to 79,"5,691","1,293",22.72
01/01/2008 0:00,Northern,F,80 +,"4,941","1,041",21.07
01/01/2008 0:00,Northern,M,20 to 29,"7,789",98,1.26
01/01/2008 0:00,Northern,M,30 to 39,"9,196",222,2.41
01/01/2008 0:00,Northern,M,40 to 49,"11,687",615,5.26
01/01/2008 0:00,Northern,M,50 to 59,"12,054","1,436",11.91
01/01/2008 0:00,Northern,M,60 to 69,"9,026","1,855",20.55
01/01/2008 0:00,Northern,M,70 to 79,"4,991","1,299",26.03
01/01/2008 0:00,Northern,M,80 +,"2,702",711,26.31
01/01/2008 0:00,Unknown,F,20 to 29,"10,538",67,0.64
01/01/2008 0:00,Unknown,F,30 to 39,"7,185",119,1.66
01/01/2008 0:00,Unknown,F,40 to 49,"6,253",203,3.25
01/01/2008 0:00,Unknown,F,50 to 59,"5,026",375,7.46
01/01/2008 0:00,Unknown,F,60 to 69,"3,403",457,13.43
01/01/2008 0:00,Unknown,F,70 to 79,"1,785",361,20.22
01/01/2008 0:00,Unknown,F,80 +,"1,611",319,19.8
01/01/2008 0:00,Unknown,M,20 to 29,"9,815",101,1.03
01/01/2008 0:00,Unknown,M,30 to 39,"6,689",117,1.75
01/01/2008 0:00,Unknown,M,40 to 49,"6,011",279,4.64
01/01/2008 0:00,Unknown,M,50 to 59,"4,587",458,9.98
01/01/2008 0:00,Unknown,M,60 to 69,"3,098",559,18.04
01/01/2008 0:00,Unknown,M,70 to 79,"1,539",366,23.78
01/01/2008 0:00,Unknown,M,80 +,798,199,24.94
01/01/2008 0:00,Western,F,20 to 29,"9,775",89,0.91
01/01/2008 0:00,Western,F,30 to 39,"11,535",296,2.57
01/01/2008 0:00,Western,F,40 to 49,"16,270",814,5
01/01/2008 0:00,Western,F,50 to 59,"16,629","1,702",10.24
01/01/2008 0:00,Western,F,60 to 69,"13,044","2,318",17.77
01/01/2008 0:00,Western,F,70 to 79,"8,205","2,014",24.55
01/01/2008 0:00,Western,F,80 +,"6,724","1,617",24.05
01/01/2008 0:00,Western,M,20 to 29,"9,747",107,1.1
01/01/2008 0:00,Western,M,30 to 39,"11,158",254,2.28
01/01/2008 0:00,Western,M,40 to 49,"15,533",861,5.54
01/01/2008 0:00,Western,M,50 to 59,"16,298","2,021",12.4
01/01/2008 0:00,Western,M,60 to 69,"12,848","2,909",22.64
01/01/2008 0:00,Western,M,70 to 79,"7,402","2,072",27.99
01/01/2008 0:00,Western,M,80 +,"4,082","1,183",28.98
01/01/2009 0:00,Central,F,20 to 29,"26,730",252,0.94
01/01/2009 0:00,Central,F,30 to 39,"29,139",568,1.95
01/01/2009 0:00,Central,F,40 to 49,"33,293","1,523",4.57
01/01/2009 0:00,Central,F,50 to 59,"29,881","2,811",9.41
01/01/2009 0:00,Central,F,60 to 69,"20,573","3,418",16.61
01/01/2009 0:00,Central,F,70 to 79,"12,001","2,747",22.89
01/01/2009 0:00,Central,F,80 +,"9,822","2,123",21.61
01/01/2009 0:00,Central,M,20 to 29,"26,401",267,1.01
01/01/2009 0:00,Central,M,30 to 39,"26,872",536,1.99
01/01/2009 0:00,Central,M,40 to 49,"31,579","1,756",5.56
01/01/2009 0:00,Central,M,50 to 59,"28,361","3,453",12.18
01/01/2009 0:00,Central,M,60 to 69,"19,318","4,429",22.93
01/01/2009 0:00,Central,M,70 to 79,"10,224","3,160",30.91
01/01/2009 0:00,Central,M,80 +,"5,318","1,555",29.24
01/01/2009 0:00,Eastern,F,20 to 29,"8,065",109,1.35
01/01/2009 0:00,Eastern,F,30 to 39,"9,088",322,3.54
01/01/2009 0:00,Eastern,F,40 to 49,"12,145",750,6.18
01/01/2009 0:00,Eastern,F,50 to 59,"13,904","1,513",10.88
01/01/2009 0:00,Eastern,F,60 to 69,"10,833","2,066",19.07
01/01/2009 0:00,Eastern,F,70 to 79,"6,790","1,808",26.63
01/01/2009 0:00,Eastern,F,80 +,"5,595","1,384",24.74
01/01/2009 0:00,Eastern,M,20 to 29,"8,424",137,1.63
01/01/2009 0:00,Eastern,M,30 to 39,"9,024",248,2.75
01/01/2009 0:00,Eastern,M,40 to 49,"11,819",764,6.46
01/01/2009 0:00,Eastern,M,50 to 59,"13,620","1,851",13.59
01/01/2009 0:00,Eastern,M,60 to 69,"10,904","2,662",24.41
01/01/2009 0:00,Eastern,M,70 to 79,"5,921","1,849",31.23
01/01/2009 0:00,Eastern,M,80 +,"2,995",976,32.59
01/01/2009 0:00,Northern,F,20 to 29,"7,827",70,0.89
01/01/2009 0:00,Northern,F,30 to 39,"9,421",258,2.74
01/01/2009 0:00,Northern,F,40 to 49,"11,756",634,5.39
01/01/2009 0:00,Northern,F,50 to 59,"12,253","1,155",9.43
01/01/2009 0:00,Northern,F,60 to 69,"9,410","1,553",16.5
01/01/2009 0:00,Northern,F,70 to 79,"5,786","1,353",23.38
01/01/2009 0:00,Northern,F,80 +,"4,981","1,091",21.9
01/01/2009 0:00,Northern,M,20 to 29,"7,930",105,1.32
01/01/2009 0:00,Northern,M,30 to 39,"9,100",227,2.49
01/01/2009 0:00,Northern,M,40 to 49,"11,550",644,5.58
01/01/2009 0:00,Northern,M,50 to 59,"12,176","1,517",12.46
01/01/2009 0:00,Northern,M,60 to 69,"9,521","2,063",21.67
01/01/2009 0:00,Northern,M,70 to 79,"5,075","1,381",27.21
01/01/2009 0:00,Northern,M,80 +,"2,750",747,27.16
01/01/2009 0:00,Unknown,F,20 to 29,"10,190",77,0.76
01/01/2009 0:00,Unknown,F,30 to 39,"6,760",110,1.63
01/01/2009 0:00,Unknown,F,40 to 49,"6,071",217,3.57
01/01/2009 0:00,Unknown,F,50 to 59,"4,955",394,7.95
01/01/2009 0:00,Unknown,F,60 to 69,"3,477",477,13.72
01/01/2009 0:00,Unknown,F,70 to 79,"1,774",367,20.69
01/01/2009 0:00,Unknown,F,80 +,"1,600",342,21.38
01/01/2009 0:00,Unknown,M,20 to 29,"9,404",92,0.98
01/01/2009 0:00,Unknown,M,30 to 39,"6,360",107,1.68
01/01/2009 0:00,Unknown,M,40 to 49,"5,736",287,5
01/01/2009 0:00,Unknown,M,50 to 59,"4,473",468,10.46
01/01/2009 0:00,Unknown,M,60 to 69,"3,185",599,18.81
01/01/2009 0:00,Unknown,M,70 to 79,"1,562",390,24.97
01/01/2009 0:00,Unknown,M,80 +,815,204,25.03
01/01/2009 0:00,Western,F,20 to 29,"9,792",99,1.01
01/01/2009 0:00,Western,F,30 to 39,"11,415",303,2.65
01/01/2009 0:00,Western,F,40 to 49,"15,877",807,5.08
01/01/2009 0:00,Western,F,50 to 59,"16,972","1,783",10.51
01/01/2009 0:00,Western,F,60 to 69,"13,662","2,479",18.15
01/01/2009 0:00,Western,F,70 to 79,"8,323","2,118",25.45
01/01/2009 0:00,Western,F,80 +,"6,813","1,704",25.01
01/01/2009 0:00,Western,M,20 to 29,"9,867",108,1.09
01/01/2009 0:00,Western,M,30 to 39,"11,017",257,2.33
01/01/2009 0:00,Western,M,40 to 49,"15,237",882,5.79
01/01/2009 0:00,Western,M,50 to 59,"16,472","2,089",12.68
01/01/2009 0:00,Western,M,60 to 69,"13,507","3,130",23.17
01/01/2009 0:00,Western,M,70 to 79,"7,587","2,219",29.25
01/01/2009 0:00,Western,M,80 +,"4,172","1,237",29.65
01/01/2010 0:00,Central,F,20 to 29,"27,253",258,0.95
01/01/2010 0:00,Central,F,30 to 39,"29,314",590,2.01
01/01/2010 0:00,Central,F,40 to 49,"33,396","1,573",4.71
01/01/2010 0:00,Central,F,50 to 59,"30,883","2,897",9.38
01/01/2010 0:00,Central,F,60 to 69,"21,700","3,698",17.04
01/01/2010 0:00,Central,F,70 to 79,"12,215","2,886",23.63
01/01/2010 0:00,Central,F,80 +,"10,055","2,222",22.1
01/01/2010 0:00,Central,M,20 to 29,"27,307",271,0.99
01/01/2010 0:00,Central,M,30 to 39,"27,222",556,2.04
01/01/2010 0:00,Central,M,40 to 49,"31,538","1,821",5.77
01/01/2010 0:00,Central,M,50 to 59,"29,281","3,624",12.38
01/01/2010 0:00,Central,M,60 to 69,"20,385","4,759",23.35
01/01/2010 0:00,Central,M,70 to 79,"10,476","3,301",31.51
01/01/2010 0:00,Central,M,80 +,"5,510","1,668",30.27
01/01/2010 0:00,Eastern,F,20 to 29,"8,109",116,1.43
01/01/2010 0:00,Eastern,F,30 to 39,"9,073",326,3.59
01/01/2010 0:00,Eastern,F,40 to 49,"11,716",743,6.34
01/01/2010 0:00,Eastern,F,50 to 59,"14,078","1,549",11
01/01/2010 0:00,Eastern,F,60 to 69,"11,273","2,175",19.29
01/01/2010 0:00,Eastern,F,70 to 79,"6,963","1,907",27.39
01/01/2010 0:00,Eastern,F,80 +,"5,548","1,441",25.97
01/01/2010 0:00,Eastern,M,20 to 29,"8,643",144,1.67
01/01/2010 0:00,Eastern,M,30 to 39,"8,926",236,2.64
01/01/2010 0:00,Eastern,M,40 to 49,"11,503",753,6.55
01/01/2010 0:00,Eastern,M,50 to 59,"13,721","1,875",13.67
01/01/2010 0:00,Eastern,M,60 to 69,"11,297","2,800",24.79
01/01/2010 0:00,Eastern,M,70 to 79,"6,105","1,934",31.68
01/01/2010 0:00,Eastern,M,80 +,"3,076","1,027",33.39
01/01/2010 0:00,Northern,F,20 to 29,"7,913",77,0.97
01/01/2010 0:00,Northern,F,30 to 39,"9,268",246,2.65
01/01/2010 0:00,Northern,F,40 to 49,"11,594",659,5.68
01/01/2010 0:00,Northern,F,50 to 59,"12,513","1,195",9.55
01/01/2010 0:00,Northern,F,60 to 69,"9,785","1,674",17.11
01/01/2010 0:00,Northern,F,70 to 79,"5,840","1,409",24.13
01/01/2010 0:00,Northern,F,80 +,"5,077","1,166",22.97
01/01/2010 0:00,Northern,M,20 to 29,"8,074",109,1.35
01/01/2010 0:00,Northern,M,30 to 39,"8,964",228,2.54
01/01/2010 0:00,Northern,M,40 to 49,"11,404",659,5.78
01/01/2010 0:00,Northern,M,50 to 59,"12,340","1,588",12.87
01/01/2010 0:00,Northern,M,60 to 69,"9,858","2,189",22.21
01/01/2010 0:00,Northern,M,70 to 79,"5,263","1,478",28.08
01/01/2010 0:00,Northern,M,80 +,"2,844",796,27.99
01/01/2010 0:00,Unknown,F,20 to 29,"10,147",75,0.74
01/01/2010 0:00,Unknown,F,30 to 39,"6,427",108,1.68
01/01/2010 0:00,Unknown,F,40 to 49,"5,844",211,3.61
01/01/2010 0:00,Unknown,F,50 to 59,"4,932",379,7.68
01/01/2010 0:00,Unknown,F,60 to 69,"3,555",521,14.66
01/01/2010 0:00,Unknown,F,70 to 79,"1,790",366,20.45
01/01/2010 0:00,Unknown,F,80 +,"1,586",344,21.69
01/01/2010 0:00,Unknown,M,20 to 29,"9,426",87,0.92
01/01/2010 0:00,Unknown,M,30 to 39,"6,004",89,1.48
01/01/2010 0:00,Unknown,M,40 to 49,"5,647",310,5.49
01/01/2010 0:00,Unknown,M,50 to 59,"4,436",449,10.12
01/01/2010 0:00,Unknown,M,60 to 69,"3,248",646,19.89
01/01/2010 0:00,Unknown,M,70 to 79,"1,568",391,24.94
01/01/2010 0:00,Unknown,M,80 +,798,201,25.19
01/01/2010 0:00,Western,F,20 to 29,"9,924",101,1.02
01/01/2010 0:00,Western,F,30 to 39,"11,296",305,2.7
01/01/2010 0:00,Western,F,40 to 49,"15,446",826,5.35
01/01/2010 0:00,Western,F,50 to 59,"17,349","1,871",10.78
01/01/2010 0:00,Western,F,60 to 69,"14,284","2,654",18.58
01/01/2010 0:00,Western,F,70 to 79,"8,525","2,237",26.24
01/01/2010 0:00,Western,F,80 +,"6,946","1,830",26.35
01/01/2010 0:00,Western,M,20 to 29,"10,054",120,1.19
01/01/2010 0:00,Western,M,30 to 39,"10,809",260,2.41
01/01/2010 0:00,Western,M,40 to 49,"14,947",928,6.21
01/01/2010 0:00,Western,M,50 to 59,"16,830","2,204",13.1
01/01/2010 0:00,Western,M,60 to 69,"13,936","3,295",23.64
01/01/2010 0:00,Western,M,70 to 79,"7,915","2,406",30.4
01/01/2010 0:00,Western,M,80 +,"4,260","1,306",30.66
01/01/2011 0:00,Central,F,20 to 29,"27,787",270,0.97
01/01/2011 0:00,Central,F,30 to 39,"29,535",587,1.99
01/01/2011 0:00,Central,F,40 to 49,"33,313","1,545",4.64
01/01/2011 0:00,Central,F,50 to 59,"31,896","3,090",9.69
01/01/2011 0:00,Central,F,60 to 69,"22,702","3,890",17.14
01/01/2011 0:00,Central,F,70 to 79,"12,547","2,995",23.87
01/01/2011 0:00,Central,F,80 +,"10,264","2,359",22.98
01/01/2011 0:00,Central,M,20 to 29,"28,003",284,1.01
01/01/2011 0:00,Central,M,30 to 39,"27,397",564,2.06
01/01/2011 0:00,Central,M,40 to 49,"31,344","1,835",5.85
01/01/2011 0:00,Central,M,50 to 59,"30,479","3,823",12.54
01/01/2011 0:00,Central,M,60 to 69,"21,137","4,940",23.37
01/01/2011 0:00,Central,M,70 to 79,"10,856","3,488",32.13
01/01/2011 0:00,Central,M,80 +,"5,744","1,802",31.37
01/01/2011 0:00,Eastern,F,20 to 29,"8,136",115,1.41
01/01/2011 0:00,Eastern,F,30 to 39,"8,944",320,3.58
01/01/2011 0:00,Eastern,F,40 to 49,"11,444",772,6.75
01/01/2011 0:00,Eastern,F,50 to 59,"14,173","1,625",11.47
01/01/2011 0:00,Eastern,F,60 to 69,"11,645","2,242",19.25
01/01/2011 0:00,Eastern,F,70 to 79,"7,081","1,979",27.95
01/01/2011 0:00,Eastern,F,80 +,"5,642","1,514",26.83
01/01/2011 0:00,Eastern,M,20 to 29,"8,764",144,1.64
01/01/2011 0:00,Eastern,M,30 to 39,"8,812",251,2.85
01/01/2011 0:00,Eastern,M,40 to 49,"11,242",755,6.72
01/01/2011 0:00,Eastern,M,50 to 59,"13,768","1,890",13.73
01/01/2011 0:00,Eastern,M,60 to 69,"11,609","2,945",25.37
01/01/2011 0:00,Eastern,M,70 to 79,"6,332","2,019",31.89
01/01/2011 0:00,Eastern,M,80 +,"3,132","1,050",33.52
01/01/2011 0:00,Northern,F,20 to 29,"7,921",80,1.01
01/01/2011 0:00,Northern,F,30 to 39,"9,152",243,2.66
01/01/2011 0:00,Northern,F,40 to 49,"11,385",626,5.5
01/01/2011 0:00,Northern,F,50 to 59,"12,780","1,311",10.26
01/01/2011 0:00,Northern,F,60 to 69,"10,104","1,758",17.4
01/01/2011 0:00,Northern,F,70 to 79,"5,982","1,457",24.36
01/01/2011 0:00,Northern,F,80 +,"5,066","1,204",23.77
01/01/2011 0:00,Northern,M,20 to 29,"8,190",118,1.44
01/01/2011 0:00,Northern,M,30 to 39,"8,809",218,2.47
01/01/2011 0:00,Northern,M,40 to 49,"11,256",696,6.18
01/01/2011 0:00,Northern,M,50 to 59,"12,450","1,635",13.13
01/01/2011 0:00,Northern,M,60 to 69,"10,245","2,294",22.39
01/01/2011 0:00,Northern,M,70 to 79,"5,437","1,620",29.8
01/01/2011 0:00,Northern,M,80 +,"2,908",822,28.27
01/01/2011 0:00,Unknown,F,20 to 29,"9,838",79,0.8
01/01/2011 0:00,Unknown,F,30 to 39,"6,187",89,1.44
01/01/2011 0:00,Unknown,F,40 to 49,"5,674",222,3.91
01/01/2011 0:00,Unknown,F,50 to 59,"4,901",367,7.49
01/01/2011 0:00,Unknown,F,60 to 69,"3,583",537,14.99
01/01/2011 0:00,Unknown,F,70 to 79,"1,796",359,19.99
01/01/2011 0:00,Unknown,F,80 +,"1,537",338,21.99
01/01/2011 0:00,Unknown,M,20 to 29,"9,103",83,0.91
01/01/2011 0:00,Unknown,M,30 to 39,"5,810",106,1.82
01/01/2011 0:00,Unknown,M,40 to 49,"5,450",294,5.39
01/01/2011 0:00,Unknown,M,50 to 59,"4,500",477,10.6
01/01/2011 0:00,Unknown,M,60 to 69,"3,271",656,20.06
01/01/2011 0:00,Unknown,M,70 to 79,"1,603",417,26.01
01/01/2011 0:00,Unknown,M,80 +,809,206,25.46
01/01/2011 0:00,Western,F,20 to 29,"10,002",108,1.08
01/01/2011 0:00,Western,F,30 to 39,"11,115",311,2.8
01/01/2011 0:00,Western,F,40 to 49,"15,083",815,5.4
01/01/2011 0:00,Western,F,50 to 59,"17,689","1,949",11.02
01/01/2011 0:00,Western,F,60 to 69,"14,757","2,816",19.08
01/01/2011 0:00,Western,F,70 to 79,"8,724","2,290",26.25
01/01/2011 0:00,Western,F,80 +,"7,095","1,906",26.86
01/01/2011 0:00,Western,M,20 to 29,"10,182",119,1.17
01/01/2011 0:00,Western,M,30 to 39,"10,694",257,2.4
01/01/2011 0:00,Western,M,40 to 49,"14,479",934,6.45
01/01/2011 0:00,Western,M,50 to 59,"17,142","2,317",13.52
01/01/2011 0:00,Western,M,60 to 69,"14,407","3,446",23.92
01/01/2011 0:00,Western,M,70 to 79,"8,188","2,575",31.45
01/01/2011 0:00,Western,M,80 +,"4,381","1,369",31.25
01/01/2012 0:00,Central,F,20 to 29,"28,021",274,0.98
01/01/2012 0:00,Central,F,30 to 39,"29,927",619,2.07
01/01/2012 0:00,Central,F,40 to 49,"32,956","1,537",4.66
01/01/2012 0:00,Central,F,50 to 59,"32,918","3,210",9.75
01/01/2012 0:00,Central,F,60 to 69,"23,635","4,041",17.1
01/01/2012 0:00,Central,F,70 to 79,"13,019","3,168",24.33
01/01/2012 0:00,Central,F,80 +,"10,434","2,471",23.68
01/01/2012 0:00,Central,M,20 to 29,"28,345",290,1.02
01/01/2012 0:00,Central,M,30 to 39,"27,709",601,2.17
01/01/2012 0:00,Central,M,40 to 49,"30,990","1,796",5.8
01/01/2012 0:00,Central,M,50 to 59,"31,632","4,011",12.68
01/01/2012 0:00,Central,M,60 to 69,"22,052","5,159",23.39
01/01/2012 0:00,Central,M,70 to 79,"11,313","3,692",32.64
01/01/2012 0:00,Central,M,80 +,"5,949","1,885",31.69
01/01/2012 0:00,Eastern,F,20 to 29,"8,197",110,1.34
01/01/2012 0:00,Eastern,F,30 to 39,"8,860",329,3.71
01/01/2012 0:00,Eastern,F,40 to 49,"11,056",766,6.93
01/01/2012 0:00,Eastern,F,50 to 59,"14,236","1,641",11.53
01/01/2012 0:00,Eastern,F,60 to 69,"12,026","2,327",19.35
01/01/2012 0:00,Eastern,F,70 to 79,"7,291","2,029",27.83
01/01/2012 0:00,Eastern,F,80 +,"5,676","1,563",27.54
01/01/2012 0:00,Eastern,M,20 to 29,"8,792",145,1.65
01/01/2012 0:00,Eastern,M,30 to 39,"8,827",262,2.97
01/01/2012 0:00,Eastern,M,40 to 49,"10,903",731,6.7
01/01/2012 0:00,Eastern,M,50 to 59,"13,712","1,876",13.68
01/01/2012 0:00,Eastern,M,60 to 69,"11,972","3,003",25.08
01/01/2012 0:00,Eastern,M,70 to 79,"6,587","2,136",32.43
01/01/2012 0:00,Eastern,M,80 +,"3,249","1,083",33.33
01/01/2012 0:00,Northern,F,20 to 29,"7,933",80,1.01
01/01/2012 0:00,Northern,F,30 to 39,"9,109",242,2.66
01/01/2012 0:00,Northern,F,40 to 49,"11,155",646,5.79
01/01/2012 0:00,Northern,F,50 to 59,"12,930","1,327",10.26
01/01/2012 0:00,Northern,F,60 to 69,"10,456","1,839",17.59
01/01/2012 0:00,Northern,F,70 to 79,"6,187","1,496",24.18
01/01/2012 0:00,Northern,F,80 +,"5,069","1,215",23.97
01/01/2012 0:00,Northern,M,20 to 29,"8,286",119,1.44
01/01/2012 0:00,Northern,M,30 to 39,"8,696",219,2.52
01/01/2012 0:00,Northern,M,40 to 49,"11,088",705,6.36
01/01/2012 0:00,Northern,M,50 to 59,"12,507","1,609",12.86
01/01/2012 0:00,Northern,M,60 to 69,"10,502","2,409",22.94
01/01/2012 0:00,Northern,M,70 to 79,"5,699","1,692",29.69
01/01/2012 0:00,Northern,M,80 +,"2,956",869,29.4
01/01/2012 0:00,Unknown,F,20 to 29,"9,350",72,0.77
01/01/2012 0:00,Unknown,F,30 to 39,"5,973",83,1.39
01/01/2012 0:00,Unknown,F,40 to 49,"5,338",213,3.99
01/01/2012 0:00,Unknown,F,50 to 59,"4,888",378,7.73
01/01/2012 0:00,Unknown,F,60 to 69,"3,585",524,14.62
01/01/2012 0:00,Unknown,F,70 to 79,"1,786",365,20.44
01/01/2012 0:00,Unknown,F,80 +,"1,487",327,21.99
01/01/2012 0:00,Unknown,M,20 to 29,"8,536",80,0.94
01/01/2012 0:00,Unknown,M,30 to 39,"5,496",101,1.84
01/01/2012 0:00,Unknown,M,40 to 49,"5,172",285,5.51
01/01/2012 0:00,Unknown,M,50 to 59,"4,459",471,10.56
01/01/2012 0:00,Unknown,M,60 to 69,"3,214",639,19.88
01/01/2012 0:00,Unknown,M,70 to 79,"1,645",432,26.26
01/01/2012 0:00,Unknown,M,80 +,832,215,25.84
01/01/2012 0:00,Western,F,20 to 29,"10,064",114,1.13
01/01/2012 0:00,Western,F,30 to 39,"11,008",311,2.83
01/01/2012 0:00,Western,F,40 to 49,"14,678",812,5.53
01/01/2012 0:00,Western,F,50 to 59,"17,969","1,971",10.97
01/01/2012 0:00,Western,F,60 to 69,"15,173","2,897",19.09
01/01/2012 0:00,Western,F,70 to 79,"9,091","2,402",26.42
01/01/2012 0:00,Western,F,80 +,"7,199","1,968",27.34
01/01/2012 0:00,Western,M,20 to 29,"10,306",118,1.14
01/01/2012 0:00,Western,M,30 to 39,"10,545",269,2.55
01/01/2012 0:00,Western,M,40 to 49,"14,128",912,6.46
01/01/2012 0:00,Western,M,50 to 59,"17,385","2,383",13.71
01/01/2012 0:00,Western,M,60 to 69,"14,831","3,556",23.98
01/01/2012 0:00,Western,M,70 to 79,"8,487","2,707",31.9
01/01/2012 0:00,Western,M,80 +,"4,519","1,449",32.06
01/01/2013 0:00,Central,F,20 to 29,"28,636",269,0.94
01/01/2013 0:00,Central,F,30 to 39,"30,165",613,2.03
01/01/2013 0:00,Central,F,40 to 49,"32,795","1,555",4.74
01/01/2013 0:00,Central,F,50 to 59,"33,806","3,285",9.72
01/01/2013 0:00,Central,F,60 to 69,"24,676","4,204",17.04
01/01/2013 0:00,Central,F,70 to 79,"13,562","3,282",24.2
01/01/2013 0:00,Central,F,80 +,"10,616","2,564",24.15
01/01/2013 0:00,Central,M,20 to 29,"28,760",307,1.07
01/01/2013 0:00,Central,M,30 to 39,"28,326",616,2.17
01/01/2013 0:00,Central,M,40 to 49,"30,706","1,731",5.64
01/01/2013 0:00,Central,M,50 to 59,"32,796","4,177",12.74
01/01/2013 0:00,Central,M,60 to 69,"22,990","5,301",23.06
01/01/2013 0:00,Central,M,70 to 79,"11,890","3,896",32.77
01/01/2013 0:00,Central,M,80 +,"6,131","1,984",32.36
01/01/2013 0:00,Eastern,F,20 to 29,"8,253",113,1.37
01/01/2013 0:00,Eastern,F,30 to 39,"8,800",323,3.67
01/01/2013 0:00,Eastern,F,40 to 49,"10,788",765,7.09
01/01/2013 0:00,Eastern,F,50 to 59,"14,150","1,622",11.46
01/01/2013 0:00,Eastern,F,60 to 69,"12,368","2,401",19.41
01/01/2013 0:00,Eastern,F,70 to 79,"7,568","2,093",27.66
01/01/2013 0:00,Eastern,F,80 +,"5,740","1,618",28.19
01/01/2013 0:00,Eastern,M,20 to 29,"8,802",156,1.77
01/01/2013 0:00,Eastern,M,30 to 39,"8,882",265,2.98
01/01/2013 0:00,Eastern,M,40 to 49,"10,641",732,6.88
01/01/2013 0:00,Eastern,M,50 to 59,"13,605","1,868",13.73
01/01/2013 0:00,Eastern,M,60 to 69,"12,324","3,044",24.7
01/01/2013 0:00,Eastern,M,70 to 79,"6,872","2,246",32.68
01/01/2013 0:00,Eastern,M,80 +,"3,320","1,114",33.55
01/01/2013 0:00,Northern,F,20 to 29,"7,929",85,1.07
01/01/2013 0:00,Northern,F,30 to 39,"9,002",239,2.65
01/01/2013 0:00,Northern,F,40 to 49,"11,029",649,5.88
01/01/2013 0:00,Northern,F,50 to 59,"12,960","1,342",10.35
01/01/2013 0:00,Northern,F,60 to 69,"10,888","1,941",17.83
01/01/2013 0:00,Northern,F,70 to 79,"6,370","1,537",24.13
01/01/2013 0:00,Northern,F,80 +,"5,101","1,250",24.5
01/01/2013 0:00,Northern,M,20 to 29,"8,306",128,1.54
01/01/2013 0:00,Northern,M,30 to 39,"8,762",219,2.5
01/01/2013 0:00,Northern,M,40 to 49,"10,897",688,6.31
01/01/2013 0:00,Northern,M,50 to 59,"12,618","1,650",13.08
01/01/2013 0:00,Northern,M,60 to 69,"10,820","2,522",23.31
01/01/2013 0:00,Northern,M,70 to 79,"5,978","1,783",29.83
01/01/2013 0:00,Northern,M,80 +,"3,041",899,29.56
01/01/2013 0:00,Unknown,F,20 to 29,"8,627",57,0.66
01/01/2013 0:00,Unknown,F,30 to 39,"5,559",87,1.57
01/01/2013 0:00,Unknown,F,40 to 49,"4,976",193,3.88
01/01/2013 0:00,Unknown,F,50 to 59,"4,724",381,8.07
01/01/2013 0:00,Unknown,F,60 to 69,"3,523",507,14.39
01/01/2013 0:00,Unknown,F,70 to 79,"1,841",379,20.59
01/01/2013 0:00,Unknown,F,80 +,"1,437",312,21.71
01/01/2013 0:00,Unknown,M,20 to 29,"7,664",71,0.93
01/01/2013 0:00,Unknown,M,30 to 39,"5,175",101,1.95
01/01/2013 0:00,Unknown,M,40 to 49,"4,800",238,4.96
01/01/2013 0:00,Unknown,M,50 to 59,"4,470",460,10.29
01/01/2013 0:00,Unknown,M,60 to 69,"3,205",642,20.03
01/01/2013 0:00,Unknown,M,70 to 79,"1,633",418,25.6
01/01/2013 0:00,Unknown,M,80 +,869,227,26.12
01/01/2013 0:00,Western,F,20 to 29,"10,147",123,1.21
01/01/2013 0:00,Western,F,30 to 39,"10,972",296,2.7
01/01/2013 0:00,Western,F,40 to 49,"14,139",791,5.59
01/01/2013 0:00,Western,F,50 to 59,"18,252","2,033",11.14
01/01/2013 0:00,Western,F,60 to 69,"15,626","2,973",19.03
01/01/2013 0:00,Western,F,70 to 79,"9,463","2,529",26.73
01/01/2013 0:00,Western,F,80 +,"7,298","2,025",27.75
01/01/2013 0:00,Western,M,20 to 29,"10,411",118,1.13
01/01/2013 0:00,Western,M,30 to 39,"10,497",274,2.61
01/01/2013 0:00,Western,M,40 to 49,"13,742",916,6.67
01/01/2013 0:00,Western,M,50 to 59,"17,598","2,395",13.61
01/01/2013 0:00,Western,M,60 to 69,"15,287","3,720",24.33
01/01/2013 0:00,Western,M,70 to 79,"8,837","2,840",32.14
01/01/2013 0:00,Western,M,80 +,"4,607","1,507",32.71
01/01/2014 0:00,Central,F,20 to 29,"28,982",261,0.9
01/01/2014 0:00,Central,F,30 to 39,"30,667",622,2.03
01/01/2014 0:00,Central,F,40 to 49,"32,411","1,525",4.71
01/01/2014 0:00,Central,F,50 to 59,"34,632","3,296",9.52
01/01/2014 0:00,Central,F,60 to 69,"25,737","4,365",16.96
01/01/2014 0:00,Central,F,70 to 79,"14,198","3,424",24.12
01/01/2014 0:00,Central,F,80 +,"10,749","2,640",24.56
01/01/2014 0:00,Central,M,20 to 29,"29,130",312,1.07
01/01/2014 0:00,Central,M,30 to 39,"28,921",624,2.16
01/01/2014 0:00,Central,M,40 to 49,"30,421","1,718",5.65
01/01/2014 0:00,Central,M,50 to 59,"33,576","4,282",12.75
01/01/2014 0:00,Central,M,60 to 69,"23,952","5,524",23.06
01/01/2014 0:00,Central,M,70 to 79,"12,535","4,090",32.63
01/01/2014 0:00,Central,M,80 +,"6,346","2,100",33.09
01/01/2014 0:00,Eastern,F,20 to 29,"8,336",124,1.49
01/01/2014 0:00,Eastern,F,30 to 39,"8,717",314,3.6
01/01/2014 0:00,Eastern,F,40 to 49,"10,455",765,7.32
01/01/2014 0:00,Eastern,F,50 to 59,"14,117","1,608",11.39
01/01/2014 0:00,Eastern,F,60 to 69,"12,799","2,513",19.63
01/01/2014 0:00,Eastern,F,70 to 79,"7,823","2,145",27.42
01/01/2014 0:00,Eastern,F,80 +,"5,783","1,655",28.62
01/01/2014 0:00,Eastern,M,20 to 29,"8,894",164,1.84
01/01/2014 0:00,Eastern,M,30 to 39,"8,784",258,2.94
01/01/2014 0:00,Eastern,M,40 to 49,"10,443",740,7.09
01/01/2014 0:00,Eastern,M,50 to 59,"13,451","1,849",13.75
01/01/2014 0:00,Eastern,M,60 to 69,"12,767","3,167",24.81
01/01/2014 0:00,Eastern,M,70 to 79,"7,053","2,318",32.87
01/01/2014 0:00,Eastern,M,80 +,"3,405","1,156",33.95
01/01/2014 0:00,Northern,F,20 to 29,"8,014",84,1.05
01/01/2014 0:00,Northern,F,30 to 39,"8,876",240,2.7
01/01/2014 0:00,Northern,F,40 to 49,"10,845",653,6.02
01/01/2014 0:00,Northern,F,50 to 59,"12,930","1,379",10.67
01/01/2014 0:00,Northern,F,60 to 69,"11,382","2,028",17.82
01/01/2014 0:00,Northern,F,70 to 79,"6,533","1,601",24.51
01/01/2014 0:00,Northern,F,80 +,"5,127","1,256",24.5
01/01/2014 0:00,Northern,M,20 to 29,"8,338",122,1.46
01/01/2014 0:00,Northern,M,30 to 39,"8,729",210,2.41
01/01/2014 0:00,Northern,M,40 to 49,"10,562",676,6.4
01/01/2014 0:00,Northern,M,50 to 59,"12,713","1,686",13.26
01/01/2014 0:00,Northern,M,60 to 69,"11,190","2,604",23.27
01/01/2014 0:00,Northern,M,70 to 79,"6,230","1,913",30.71
01/01/2014 0:00,Northern,M,80 +,"3,106",960,30.91
01/01/2014 0:00,Unknown,F,20 to 29,"7,654",50,0.65
01/01/2014 0:00,Unknown,F,30 to 39,"5,090",77,1.51
01/01/2014 0:00,Unknown,F,40 to 49,"4,552",172,3.78
01/01/2014 0:00,Unknown,F,50 to 59,"4,550",355,7.8
01/01/2014 0:00,Unknown,F,60 to 69,"3,477",490,14.09
01/01/2014 0:00,Unknown,F,70 to 79,"1,841",375,20.37
01/01/2014 0:00,Unknown,F,80 +,"1,387",303,21.85
01/01/2014 0:00,Unknown,M,20 to 29,"6,728",63,0.94
01/01/2014 0:00,Unknown,M,30 to 39,"4,724",95,2.01
01/01/2014 0:00,Unknown,M,40 to 49,"4,368",221,5.06
01/01/2014 0:00,Unknown,M,50 to 59,"4,296",421,9.8
01/01/2014 0:00,Unknown,M,60 to 69,"3,140",635,20.22
01/01/2014 0:00,Unknown,M,70 to 79,"1,648",430,26.09
01/01/2014 0:00,Unknown,M,80 +,887,223,25.14
01/01/2014 0:00,Western,F,20 to 29,"10,195",123,1.21
01/01/2014 0:00,Western,F,30 to 39,"10,944",279,2.55
01/01/2014 0:00,Western,F,40 to 49,"13,683",814,5.95
01/01/2014 0:00,Western,F,50 to 59,"18,348","2,033",11.08
01/01/2014 0:00,Western,F,60 to 69,"16,229","3,120",19.22
01/01/2014 0:00,Western,F,70 to 79,"9,770","2,578",26.39
01/01/2014 0:00,Western,F,80 +,"7,436","2,093",28.15
01/01/2014 0:00,Western,M,20 to 29,"10,476",121,1.16
01/01/2014 0:00,Western,M,30 to 39,"10,479",283,2.7
01/01/2014 0:00,Western,M,40 to 49,"13,282",891,6.71
01/01/2014 0:00,Western,M,50 to 59,"17,698","2,439",13.78
01/01/2014 0:00,Western,M,60 to 69,"15,747","3,803",24.15
01/01/2014 0:00,Western,M,70 to 79,"9,167","3,003",32.76
01/01/2014 0:00,Western,M,80 +,"4,784","1,596",33.36
01/01/2015 0:00,Central,F,20 to 29,"29,557",278,0.94
01/01/2015 0:00,Central,F,30 to 39,"31,290",634,2.03
01/01/2015 0:00,Central,F,40 to 49,"32,516","1,512",4.65
01/01/2015 0:00,Central,F,50 to 59,"35,039","3,347",9.55
01/01/2015 0:00,Central,F,60 to 69,"26,923","4,537",16.85
01/01/2015 0:00,Central,F,70 to 79,"14,924","3,562",23.87
01/01/2015 0:00,Central,F,80 +,"10,710","2,675",24.98
01/01/2015 0:00,Central,M,20 to 29,"29,485",309,1.05
01/01/2015 0:00,Central,M,30 to 39,"29,802",640,2.15
01/01/2015 0:00,Central,M,40 to 49,"30,434","1,687",5.54
01/01/2015 0:00,Central,M,50 to 59,"34,170","4,367",12.78
01/01/2015 0:00,Central,M,60 to 69,"24,985","5,729",22.93
01/01/2015 0:00,Central,M,70 to 79,"13,153","4,306",32.74
01/01/2015 0:00,Central,M,80 +,"6,531","2,183",33.43
01/01/2015 0:00,Eastern,F,20 to 29,"8,462",133,1.57
01/01/2015 0:00,Eastern,F,30 to 39,"8,719",305,3.5
01/01/2015 0:00,Eastern,F,40 to 49,"10,251",746,7.28
01/01/2015 0:00,Eastern,F,50 to 59,"13,960","1,662",11.91
01/01/2015 0:00,Eastern,F,60 to 69,"13,210","2,587",19.58
01/01/2015 0:00,Eastern,F,70 to 79,"8,042","2,242",27.88
01/01/2015 0:00,Eastern,F,80 +,"5,818","1,676",28.81
01/01/2015 0:00,Eastern,M,20 to 29,"8,988",161,1.79
01/01/2015 0:00,Eastern,M,30 to 39,"8,824",272,3.08
01/01/2015 0:00,Eastern,M,40 to 49,"10,357",742,7.16
01/01/2015 0:00,Eastern,M,50 to 59,"13,251","1,834",13.84
01/01/2015 0:00,Eastern,M,60 to 69,"13,034","3,200",24.55
01/01/2015 0:00,Eastern,M,70 to 79,"7,277","2,445",33.6
01/01/2015 0:00,Eastern,M,80 +,"3,520","1,223",34.74
01/01/2015 0:00,Northern,F,20 to 29,"8,147",84,1.03
01/01/2015 0:00,Northern,F,30 to 39,"8,877",240,2.7
01/01/2015 0:00,Northern,F,40 to 49,"10,628",653,6.14
01/01/2015 0:00,Northern,F,50 to 59,"12,929","1,374",10.63
01/01/2015 0:00,Northern,F,60 to 69,"11,698","2,122",18.14
01/01/2015 0:00,Northern,F,70 to 79,"6,799","1,655",24.34
01/01/2015 0:00,Northern,F,80 +,"5,080","1,253",24.67
01/01/2015 0:00,Northern,M,20 to 29,"8,462",127,1.5
01/01/2015 0:00,Northern,M,30 to 39,"8,736",212,2.43
01/01/2015 0:00,Northern,M,40 to 49,"10,422",699,6.71
01/01/2015 0:00,Northern,M,50 to 59,"12,613","1,688",13.38
01/01/2015 0:00,Northern,M,60 to 69,"11,521","2,705",23.48
01/01/2015 0:00,Northern,M,70 to 79,"6,502","2,023",31.11
01/01/2015 0:00,Northern,M,80 +,"3,180",986,31.01
01/01/2015 0:00,Unknown,F,20 to 29,"6,444",42,0.65
01/01/2015 0:00,Unknown,F,30 to 39,"4,616",77,1.67
01/01/2015 0:00,Unknown,F,40 to 49,"4,181",160,3.83
01/01/2015 0:00,Unknown,F,50 to 59,"4,179",328,7.85
01/01/2015 0:00,Unknown,F,60 to 69,"3,396",485,14.28
01/01/2015 0:00,Unknown,F,70 to 79,"1,819",364,20.01
01/01/2015 0:00,Unknown,F,80 +,"1,347",293,21.75
01/01/2015 0:00,Unknown,M,20 to 29,"5,656",64,1.13
01/01/2015 0:00,Unknown,M,30 to 39,"4,229",81,1.92
01/01/2015 0:00,Unknown,M,40 to 49,"3,964",186,4.69
01/01/2015 0:00,Unknown,M,50 to 59,"4,018",401,9.98
01/01/2015 0:00,Unknown,M,60 to 69,"3,099",608,19.62
01/01/2015 0:00,Unknown,M,70 to 79,"1,662",430,25.87
01/01/2015 0:00,Unknown,M,80 +,893,227,25.42
01/01/2015 0:00,Western,F,20 to 29,"10,352",135,1.3
01/01/2015 0:00,Western,F,30 to 39,"10,990",290,2.64
01/01/2015 0:00,Western,F,40 to 49,"13,362",824,6.17
01/01/2015 0:00,Western,F,50 to 59,"18,325","2,055",11.21
01/01/2015 0:00,Western,F,60 to 69,"16,707","3,199",19.15
01/01/2015 0:00,Western,F,70 to 79,"10,220","2,712",26.54
01/01/2015 0:00,Western,F,80 +,"7,530","2,161",28.7
01/01/2015 0:00,Western,M,20 to 29,"10,694",124,1.16
01/01/2015 0:00,Western,M,30 to 39,"10,523",282,2.68
01/01/2015 0:00,Western,M,40 to 49,"13,009",878,6.75
01/01/2015 0:00,Western,M,50 to 59,"17,700","2,489",14.06
01/01/2015 0:00,Western,M,60 to 69,"16,150","3,910",24.21
01/01/2015 0:00,Western,M,70 to 79,"9,582","3,153",32.91
01/01/2015 0:00,Western,M,80 +,"4,948","1,678",33.91
01/01/2016 0:00,Central,F,20 to 29,"30,153",300,0.99
01/01/2016 0:00,Central,F,30 to 39,"32,474",630,1.94
01/01/2016 0:00,Central,F,40 to 49,"32,614","1,508",4.62
01/01/2016 0:00,Central,F,50 to 59,"35,379","3,390",9.58
01/01/2016 0:00,Central,F,60 to 69,"27,693","4,608",16.64
01/01/2016 0:00,Central,F,70 to 79,"16,059","3,770",23.48
01/01/2016 0:00,Central,F,80 +,"10,830","2,740",25.3
01/01/2016 0:00,Central,M,20 to 29,"30,190",300,0.99
01/01/2016 0:00,Central,M,30 to 39,"30,958",657,2.12
01/01/2016 0:00,Central,M,40 to 49,"30,774","1,664",5.41
01/01/2016 0:00,Central,M,50 to 59,"34,501","4,464",12.94
01/01/2016 0:00,Central,M,60 to 69,"25,736","5,903",22.94
01/01/2016 0:00,Central,M,70 to 79,"14,115","4,542",32.18
01/01/2016 0:00,Central,M,80 +,"6,782","2,281",33.63
01/01/2016 0:00,Eastern,F,20 to 29,"8,610",128,1.49
01/01/2016 0:00,Eastern,F,30 to 39,"8,809",307,3.49
01/01/2016 0:00,Eastern,F,40 to 49,"10,056",767,7.63
01/01/2016 0:00,Eastern,F,50 to 59,"13,702","1,669",12.18
01/01/2016 0:00,Eastern,F,60 to 69,"13,365","2,615",19.57
01/01/2016 0:00,Eastern,F,70 to 79,"8,449","2,315",27.4
01/01/2016 0:00,Eastern,F,80 +,"5,942","1,739",29.27
01/01/2016 0:00,Eastern,M,20 to 29,"9,129",159,1.74
01/01/2016 0:00,Eastern,M,30 to 39,"8,947",285,3.19
01/01/2016 0:00,Eastern,M,40 to 49,"10,156",723,7.12
01/01/2016 0:00,Eastern,M,50 to 59,"13,087","1,840",14.06
01/01/2016 0:00,Eastern,M,60 to 69,"13,115","3,202",24.41
01/01/2016 0:00,Eastern,M,70 to 79,"7,752","2,601",33.55
01/01/2016 0:00,Eastern,M,80 +,"3,630","1,270",34.99
01/01/2016 0:00,Northern,F,20 to 29,"8,318",90,1.08
01/01/2016 0:00,Northern,F,30 to 39,"8,849",217,2.45
01/01/2016 0:00,Northern,F,40 to 49,"10,571",674,6.38
01/01/2016 0:00,Northern,F,50 to 59,"12,904","1,390",10.77
01/01/2016 0:00,Northern,F,60 to 69,"11,839","2,156",18.21
01/01/2016 0:00,Northern,F,70 to 79,"7,215","1,718",23.81
01/01/2016 0:00,Northern,F,80 +,"5,161","1,286",24.92
01/01/2016 0:00,Northern,M,20 to 29,"8,739",122,1.4
01/01/2016 0:00,Northern,M,30 to 39,"8,711",218,2.5
01/01/2016 0:00,Northern,M,40 to 49,"10,396",729,7.01
01/01/2016 0:00,Northern,M,50 to 59,"12,533","1,707",13.62
01/01/2016 0:00,Northern,M,60 to 69,"11,657","2,705",23.2
01/01/2016 0:00,Northern,M,70 to 79,"6,976","2,204",31.59
01/01/2016 0:00,Northern,M,80 +,"3,291","1,032",31.36
01/01/2016 0:00,Unknown,F,20 to 29,"5,404",33,0.61
01/01/2016 0:00,Unknown,F,30 to 39,"4,096",71,1.73
01/01/2016 0:00,Unknown,F,40 to 49,"3,730",150,4.02
01/01/2016 0:00,Unknown,F,50 to 59,"3,854",290,7.52
01/01/2016 0:00,Unknown,F,60 to 69,"3,207",465,14.5
01/01/2016 0:00,Unknown,F,70 to 79,"1,879",370,19.69
01/01/2016 0:00,Unknown,F,80 +,"1,307",285,21.81
01/01/2016 0:00,Unknown,M,20 to 29,"4,752",50,1.05
01/01/2016 0:00,Unknown,M,30 to 39,"3,811",65,1.71
01/01/2016 0:00,Unknown,M,40 to 49,"3,555",170,4.78
01/01/2016 0:00,Unknown,M,50 to 59,"3,695",372,10.07
01/01/2016 0:00,Unknown,M,60 to 69,"2,988",563,18.84
01/01/2016 0:00,Unknown,M,70 to 79,"1,686",436,25.86
01/01/2016 0:00,Unknown,M,80 +,915,231,25.25
01/01/2016 0:00,Western,F,20 to 29,"10,550",139,1.32
01/01/2016 0:00,Western,F,30 to 39,"11,139",307,2.76
01/01/2016 0:00,Western,F,40 to 49,"13,250",828,6.25
01/01/2016 0:00,Western,F,50 to 59,"18,168","2,042",11.24
01/01/2016 0:00,Western,F,60 to 69,"16,967","3,225",19.01
01/01/2016 0:00,Western,F,70 to 79,"10,957","2,866",26.16
01/01/2016 0:00,Western,F,80 +,"7,609","2,203",28.95
01/01/2016 0:00,Western,M,20 to 29,"10,933",129,1.18
01/01/2016 0:00,Western,M,30 to 39,"10,703",276,2.58
01/01/2016 0:00,Western,M,40 to 49,"12,824",899,7.01
01/01/2016 0:00,Western,M,50 to 59,"17,578","2,490",14.17
01/01/2016 0:00,Western,M,60 to 69,"16,381","3,959",24.17
01/01/2016 0:00,Western,M,70 to 79,"10,252","3,383",33
01/01/2016 0:00,Western,M,80 +,"5,161","1,758",34.06
01/01/2017 0:00,Central,F,20 to 29,"30,800",268,0.87
01/01/2017 0:00,Central,F,30 to 39,"33,816",607,1.8
01/01/2017 0:00,Central,F,40 to 49,"32,959","1,406",4.27
01/01/2017 0:00,Central,F,50 to 59,"35,639","3,186",8.94
01/01/2017 0:00,Central,F,60 to 69,"28,423","4,502",15.84
01/01/2017 0:00,Central,F,70 to 79,"17,312","3,874",22.38
01/01/2017 0:00,Central,F,80 +,"11,033","2,764",25.05
01/01/2017 0:00,Central,M,20 to 29,"30,861",295,0.96
01/01/2017 0:00,Central,M,30 to 39,"32,270",621,1.92
01/01/2017 0:00,Central,M,40 to 49,"31,342","1,555",4.96
01/01/2017 0:00,Central,M,50 to 59,"34,451","4,169",12.1
01/01/2017 0:00,Central,M,60 to 69,"26,625","5,805",21.8
01/01/2017 0:00,Central,M,70 to 79,"15,288","4,722",30.89
01/01/2017 0:00,Central,M,80 +,"6,998","2,325",33.22
01/01/2017 0:00,Eastern,F,20 to 29,"8,796",130,1.48
01/01/2017 0:00,Eastern,F,30 to 39,"8,850",280,3.16
01/01/2017 0:00,Eastern,F,40 to 49,"10,009",721,7.2
01/01/2017 0:00,Eastern,F,50 to 59,"13,312","1,571",11.8
01/01/2017 0:00,Eastern,F,60 to 69,"13,569","2,517",18.55
01/01/2017 0:00,Eastern,F,70 to 79,"8,984","2,403",26.75
01/01/2017 0:00,Eastern,F,80 +,"6,016","1,749",29.07
01/01/2017 0:00,Eastern,M,20 to 29,"9,258",155,1.67
01/01/2017 0:00,Eastern,M,30 to 39,"9,108",281,3.09
01/01/2017 0:00,Eastern,M,40 to 49,"10,037",664,6.62
01/01/2017 0:00,Eastern,M,50 to 59,"12,883","1,712",13.29
01/01/2017 0:00,Eastern,M,60 to 69,"13,174","3,098",23.52
01/01/2017 0:00,Eastern,M,70 to 79,"8,214","2,678",32.6
01/01/2017 0:00,Eastern,M,80 +,"3,781","1,315",34.78
01/01/2017 0:00,Northern,F,20 to 29,"8,411",79,0.94
01/01/2017 0:00,Northern,F,30 to 39,"8,922",204,2.29
01/01/2017 0:00,Northern,F,40 to 49,"10,466",634,6.06
01/01/2017 0:00,Northern,F,50 to 59,"12,756","1,282",10.05
01/01/2017 0:00,Northern,F,60 to 69,"12,032","2,081",17.3
01/01/2017 0:00,Northern,F,70 to 79,"7,789","1,831",23.51
01/01/2017 0:00,Northern,F,80 +,"5,148","1,269",24.65
01/01/2017 0:00,Northern,M,20 to 29,"8,905",120,1.35
01/01/2017 0:00,Northern,M,30 to 39,"8,747",217,2.48
01/01/2017 0:00,Northern,M,40 to 49,"10,358",657,6.34
01/01/2017 0:00,Northern,M,50 to 59,"12,396","1,608",12.97
01/01/2017 0:00,Northern,M,60 to 69,"11,845","2,614",22.07
01/01/2017 0:00,Northern,M,70 to 79,"7,359","2,291",31.13
01/01/2017 0:00,Northern,M,80 +,"3,460","1,067",30.84
01/01/2017 0:00,Unknown,F,20 to 29,"4,386",27,0.62
01/01/2017 0:00,Unknown,F,30 to 39,"3,602",57,1.58
01/01/2017 0:00,Unknown,F,40 to 49,"3,334",135,4.05
01/01/2017 0:00,Unknown,F,50 to 59,"3,482",253,7.27
01/01/2017 0:00,Unknown,F,60 to 69,"3,031",405,13.36
01/01/2017 0:00,Unknown,F,70 to 79,"1,918",368,19.19
01/01/2017 0:00,Unknown,F,80 +,"1,261",270,21.41
01/01/2017 0:00,Unknown,M,20 to 29,"3,809",29,0.76
01/01/2017 0:00,Unknown,M,30 to 39,"3,447",62,1.8
01/01/2017 0:00,Unknown,M,40 to 49,"3,179",138,4.34
01/01/2017 0:00,Unknown,M,50 to 59,"3,381",320,9.46
01/01/2017 0:00,Unknown,M,60 to 69,"2,814",495,17.59
01/01/2017 0:00,Unknown,M,70 to 79,"1,724",415,24.07
01/01/2017 0:00,Unknown,M,80 +,951,236,24.82
01/01/2017 0:00,Western,F,20 to 29,"10,805",126,1.17
01/01/2017 0:00,Western,F,30 to 39,"11,306",281,2.49
01/01/2017 0:00,Western,F,40 to 49,"13,165",803,6.1
01/01/2017 0:00,Western,F,50 to 59,"17,921","1,851",10.33
01/01/2017 0:00,Western,F,60 to 69,"17,310","3,121",18.03
01/01/2017 0:00,Western,F,70 to 79,"11,653","2,971",25.5
01/01/2017 0:00,Western,F,80 +,"7,745","2,208",28.51
01/01/2017 0:00,Western,M,20 to 29,"11,171",116,1.04
01/01/2017 0:00,Western,M,30 to 39,"10,847",262,2.42
01/01/2017 0:00,Western,M,40 to 49,"12,697",813,6.4
01/01/2017 0:00,Western,M,50 to 59,"17,255","2,286",13.25
01/01/2017 0:00,Western,M,60 to 69,"16,723","3,806",22.76
01/01/2017 0:00,Western,M,70 to 79,"10,927","3,541",32.41
01/01/2017 0:00,Western,M,80 +,"5,355","1,818",33.95
