,Year,Zone,Sex,Min_Age,Max_Age,Population,Prevalence,CPR
1,2000,5,5,20,29,23475,183,0.78
2,2000,5,5,30,39,29410,403,1.37
3,2000,5,5,40,49,29328,845,2.88
4,2000,5,5,50,59,21582,1492,6.91
5,2000,5,5,60,69,13577,1686,12.42
6,2000,5,5,70,79,11175,1823,16.31
7,2000,5,5,80,109,7973,1169,14.66
8,2000,5,10,20,29,22118,145,0.66
9,2000,5,10,30,39,26849,417,1.55
10,2000,5,10,40,49,27221,905,3.32
11,2000,5,10,50,59,20608,1945,9.44
12,2000,5,10,60,69,12718,2220,17.46
13,2000,5,10,70,79,8289,1733,20.91
14,2000,5,10,80,109,3798,749,19.72
15,2000,15,5,20,29,8569,108,1.26
16,2000,15,5,30,39,11131,236,2.12
17,2000,15,5,40,49,13870,521,3.76
18,2000,15,5,50,59,11414,946,8.29
19,2000,15,5,60,69,7950,1147,14.43
20,2000,15,5,70,79,6336,1195,18.86
21,2000,15,5,80,109,5273,852,16.16
22,2000,15,10,20,29,8517,69,0.81
23,2000,15,10,30,39,10854,189,1.74
24,2000,15,10,40,49,13629,603,4.42
25,2000,15,10,50,59,11828,1249,10.56
26,2000,15,10,60,69,7718,1400,18.14
27,2000,15,10,70,79,5072,1184,23.34
28,2000,15,10,80,109,2706,580,21.43
29,2000,10,5,20,29,8460,81,0.96
30,2000,10,5,30,39,10816,177,1.64
31,2000,10,5,40,49,12084,336,2.78
32,2000,10,5,50,59,9758,674,6.91
33,2000,10,5,60,69,6507,812,12.48
34,2000,10,5,70,79,5545,879,15.85
35,2000,10,5,80,109,4436,662,14.92
36,2000,10,10,20,29,8313,71,0.85
37,2000,10,10,30,39,10497,132,1.26
38,2000,10,10,40,49,11934,457,3.83
39,2000,10,10,50,59,10018,878,8.76
40,2000,10,10,60,69,6371,965,15.15
41,2000,10,10,70,79,4332,833,19.23
42,2000,10,10,80,109,2220,410,18.47
43,2000,25,5,20,29,12660,82,0.65
44,2000,25,5,30,39,10151,101,0.99
45,2000,25,5,40,49,7285,183,2.51
46,2000,25,5,50,59,4797,306,6.38
47,2000,25,5,60,69,2886,300,10.4
48,2000,25,5,70,79,2244,317,14.13
49,2000,25,5,80,109,1639,234,14.28
50,2000,25,10,20,29,12458,78,0.63
51,2000,25,10,30,39,9211,124,1.35
52,2000,25,10,40,49,6814,168,2.47
53,2000,25,10,50,59,4584,382,8.33
54,2000,25,10,60,69,2738,380,13.88
55,2000,25,10,70,79,1606,294,18.31
56,2000,25,10,80,109,805,140,17.39
57,2000,20,5,20,29,10324,83,0.8
58,2000,20,5,30,39,14307,228,1.59
59,2000,20,5,40,49,16498,575,3.49
60,2000,20,5,50,59,13854,1039,7.5
61,2000,20,5,60,69,9392,1281,13.64
62,2000,20,5,70,79,7542,1362,18.06
63,2000,20,5,80,109,6034,1006,16.67
64,2000,20,10,20,29,10216,58,0.57
65,2000,20,10,30,39,13831,193,1.4
66,2000,20,10,40,49,15993,564,3.53
67,2000,20,10,50,59,13771,1321,9.59
68,2000,20,10,60,69,9321,1439,15.44
69,2000,20,10,70,79,6367,1328,20.86
70,2000,20,10,80,109,3440,669,19.45
71,2001,5,5,20,29,23533,182,0.77
72,2001,5,5,30,39,29177,433,1.48
73,2001,5,5,40,49,30288,937,3.09
74,2001,5,5,50,59,22571,1654,7.33
75,2001,5,5,60,69,13941,1816,13.03
76,2001,5,5,70,79,11226,1911,17.02
77,2001,5,5,80,109,8302,1242,14.96
78,2001,5,10,20,29,22276,146,0.66
79,2001,5,10,30,39,26681,423,1.59
80,2001,5,10,40,49,28299,1012,3.58
81,2001,5,10,50,59,21391,2120,9.91
82,2001,5,10,60,69,13065,2400,18.37
83,2001,5,10,70,79,8454,1879,22.23
84,2001,5,10,80,109,4085,837,20.49
85,2001,15,5,20,29,8406,116,1.38
86,2001,15,5,30,39,10821,241,2.23
87,2001,15,5,40,49,13904,595,4.28
88,2001,15,5,50,59,11806,987,8.36
89,2001,15,5,60,69,8076,1253,15.52
90,2001,15,5,70,79,6309,1252,19.84
91,2001,15,5,80,109,5382,918,17.06
92,2001,15,10,20,29,8334,69,0.83
93,2001,15,10,30,39,10551,212,2.01
94,2001,15,10,40,49,13608,620,4.56
95,2001,15,10,50,59,12161,1370,11.27
96,2001,15,10,60,69,7872,1492,18.95
97,2001,15,10,70,79,5139,1249,24.3
98,2001,15,10,80,109,2734,603,22.06
99,2001,10,5,20,29,8286,80,0.97
100,2001,10,5,30,39,10577,193,1.82
101,2001,10,5,40,49,12314,400,3.25
102,2001,10,5,50,59,10070,753,7.48
103,2001,10,5,60,69,6655,869,13.06
104,2001,10,5,70,79,5511,911,16.53
105,2001,10,5,80,109,4554,735,16.14
106,2001,10,10,20,29,8113,72,0.89
107,2001,10,10,30,39,10363,152,1.47
108,2001,10,10,40,49,12008,511,4.26
109,2001,10,10,50,59,10388,956,9.2
110,2001,10,10,60,69,6522,1066,16.34
111,2001,10,10,70,79,4370,881,20.16
112,2001,10,10,80,109,2323,459,19.76
113,2001,25,5,20,29,12168,75,0.62
114,2001,25,5,30,39,9849,102,1.04
115,2001,25,5,40,49,7224,197,2.73
116,2001,25,5,50,59,4862,326,6.71
117,2001,25,5,60,69,2846,308,10.82
118,2001,25,5,70,79,2208,312,14.13
119,2001,25,5,80,109,1638,245,14.96
120,2001,25,10,20,29,12169,72,0.59
121,2001,25,10,30,39,9012,137,1.52
122,2001,25,10,40,49,6831,182,2.66
123,2001,25,10,50,59,4661,396,8.5
124,2001,25,10,60,69,2751,407,14.79
125,2001,25,10,70,79,1565,306,19.55
126,2001,25,10,80,109,791,133,16.81
127,2001,20,5,20,29,10088,87,0.86
128,2001,20,5,30,39,13901,235,1.69
129,2001,20,5,40,49,16752,633,3.78
130,2001,20,5,50,59,14302,1149,8.03
131,2001,20,5,60,69,9580,1363,14.23
132,2001,20,5,70,79,7548,1434,19
133,2001,20,5,80,109,6201,1117,18.01
134,2001,20,10,20,29,10038,59,0.59
135,2001,20,10,30,39,13346,212,1.59
136,2001,20,10,40,49,16202,622,3.84
137,2001,20,10,50,59,14237,1417,9.95
138,2001,20,10,60,69,9581,1602,16.72
139,2001,20,10,70,79,6431,1405,21.85
140,2001,20,10,80,109,3524,732,20.77
141,2002,5,5,20,29,23760,191,0.8
142,2002,5,5,30,39,28856,453,1.57
143,2002,5,5,40,49,31289,1026,3.28
144,2002,5,5,50,59,23449,1777,7.58
145,2002,5,5,60,69,14443,1956,13.54
146,2002,5,5,70,79,11242,1987,17.67
147,2002,5,5,80,109,8555,1365,15.96
148,2002,5,10,20,29,22578,161,0.71
149,2002,5,10,30,39,26319,436,1.66
150,2002,5,10,40,49,29334,1130,3.85
151,2002,5,10,50,59,22282,2273,10.2
152,2002,5,10,60,69,13524,2570,19
153,2002,5,10,70,79,8663,2006,23.16
154,2002,5,10,80,109,4268,880,20.62
155,2002,15,5,20,29,8278,112,1.35
156,2002,15,5,30,39,10419,269,2.58
157,2002,15,5,40,49,13969,622,4.45
158,2002,15,5,50,59,12189,1065,8.74
159,2002,15,5,60,69,8274,1339,16.18
160,2002,15,5,70,79,6318,1323,20.94
161,2002,15,5,80,109,5448,993,18.23
162,2002,15,10,20,29,8302,81,0.98
163,2002,15,10,30,39,10177,220,2.16
164,2002,15,10,40,49,13537,661,4.88
165,2002,15,10,50,59,12528,1476,11.78
166,2002,15,10,60,69,8112,1592,19.63
167,2002,15,10,70,79,5208,1351,25.94
168,2002,15,10,80,109,2738,647,23.63
169,2002,10,5,20,29,8154,79,0.97
170,2002,10,5,30,39,10312,215,2.08
171,2002,10,5,40,49,12446,448,3.6
172,2002,10,5,50,59,10377,821,7.91
173,2002,10,5,60,69,6888,941,13.66
174,2002,10,5,70,79,5522,961,17.4
175,2002,10,5,80,109,4608,782,16.97
176,2002,10,10,20,29,7968,75,0.94
177,2002,10,10,30,39,10194,162,1.59
178,2002,10,10,40,49,12069,530,4.39
179,2002,10,10,50,59,10630,1075,10.11
180,2002,10,10,60,69,6819,1157,16.97
181,2002,10,10,70,79,4435,971,21.89
182,2002,10,10,80,109,2382,490,20.57
183,2002,25,5,20,29,11948,77,0.64
184,2002,25,5,30,39,9497,105,1.11
185,2002,25,5,40,49,7259,207,2.85
186,2002,25,5,50,59,4964,333,6.71
187,2002,25,5,60,69,2895,362,12.5
188,2002,25,5,70,79,2091,301,14.4
189,2002,25,5,80,109,1647,258,15.66
190,2002,25,10,20,29,11909,76,0.64
191,2002,25,10,30,39,8812,138,1.57
192,2002,25,10,40,49,6876,188,2.73
193,2002,25,10,50,59,4662,411,8.82
194,2002,25,10,60,69,2790,421,15.09
195,2002,25,10,70,79,1547,307,19.84
196,2002,25,10,80,109,808,151,18.69
197,2002,20,5,20,29,9945,85,0.85
198,2002,20,5,30,39,13432,242,1.8
199,2002,20,5,40,49,16952,673,3.97
200,2002,20,5,50,59,14674,1253,8.54
201,2002,20,5,60,69,9925,1442,14.53
202,2002,20,5,70,79,7587,1509,19.89
203,2002,20,5,80,109,6292,1199,19.06
204,2002,20,10,20,29,9871,65,0.66
205,2002,20,10,30,39,12969,212,1.63
206,2002,20,10,40,49,16389,671,4.09
207,2002,20,10,50,59,14601,1537,10.53
208,2002,20,10,60,69,9894,1737,17.56
209,2002,20,10,70,79,6480,1491,23.01
210,2002,20,10,80,109,3627,790,21.78
211,2003,5,5,20,29,24009,194,0.81
212,2003,5,5,30,39,28577,491,1.72
213,2003,5,5,40,49,32038,1132,3.53
214,2003,5,5,50,59,24468,1910,7.81
215,2003,5,5,60,69,14963,2105,14.07
216,2003,5,5,70,79,11307,2089,18.48
217,2003,5,5,80,109,8796,1428,16.23
218,2003,5,10,20,29,23124,167,0.72
219,2003,5,10,30,39,25977,441,1.7
220,2003,5,10,40,49,30228,1231,4.07
221,2003,5,10,50,59,23194,2398,10.34
222,2003,5,10,60,69,14068,2777,19.74
223,2003,5,10,70,79,8821,2147,24.34
224,2003,5,10,80,109,4392,930,21.17
225,2003,15,5,20,29,8227,110,1.34
226,2003,15,5,30,39,10105,288,2.85
227,2003,15,5,40,49,13874,621,4.48
228,2003,15,5,50,59,12510,1184,9.46
229,2003,15,5,60,69,8505,1392,16.37
230,2003,15,5,70,79,6344,1387,21.86
231,2003,15,5,80,109,5440,1022,18.79
232,2003,15,10,20,29,8365,92,1.1
233,2003,15,10,30,39,9881,233,2.36
234,2003,15,10,40,49,13370,678,5.07
235,2003,15,10,50,59,12903,1577,12.22
236,2003,15,10,60,69,8418,1677,19.92
237,2003,15,10,70,79,5186,1418,27.34
238,2003,15,10,80,109,2793,671,24.02
239,2003,10,5,20,29,8056,75,0.93
240,2003,10,5,30,39,10142,217,2.14
241,2003,10,5,40,49,12463,501,4.02
242,2003,10,5,50,59,10797,892,8.26
243,2003,10,5,60,69,7121,1007,14.14
244,2003,10,5,70,79,5523,991,17.94
245,2003,10,5,80,109,4623,819,17.72
246,2003,10,10,20,29,7969,69,0.87
247,2003,10,10,30,39,9905,185,1.87
248,2003,10,10,40,49,12166,546,4.49
249,2003,10,10,50,59,10946,1141,10.42
250,2003,10,10,60,69,7112,1251,17.59
251,2003,10,10,70,79,4510,1037,22.99
252,2003,10,10,80,109,2398,514,21.43
253,2003,25,5,20,29,12041,77,0.64
254,2003,25,5,30,39,9096,102,1.12
255,2003,25,5,40,49,7260,224,3.09
256,2003,25,5,50,59,5053,331,6.55
257,2003,25,5,60,69,2966,396,13.35
258,2003,25,5,70,79,2021,318,15.73
259,2003,25,5,80,109,1620,266,16.42
260,2003,25,10,20,29,11788,77,0.65
261,2003,25,10,30,39,8546,138,1.61
262,2003,25,10,40,49,6974,214,3.07
263,2003,25,10,50,59,4683,403,8.61
264,2003,25,10,60,69,2789,464,16.64
265,2003,25,10,70,79,1554,322,20.72
266,2003,25,10,80,109,803,150,18.68
267,2003,20,5,20,29,9884,87,0.88
268,2003,20,5,30,39,12881,240,1.86
269,2003,20,5,40,49,17201,726,4.22
270,2003,20,5,50,59,15074,1338,8.88
271,2003,20,5,60,69,10284,1571,15.28
272,2003,20,5,70,79,7637,1596,20.9
273,2003,20,5,80,109,6390,1245,19.48
274,2003,20,10,20,29,9818,73,0.74
275,2003,20,10,30,39,12548,206,1.64
276,2003,20,10,40,49,16531,710,4.29
277,2003,20,10,50,59,15003,1660,11.06
278,2003,20,10,60,69,10217,1898,18.58
279,2003,20,10,70,79,6603,1554,23.53
280,2003,20,10,80,109,3707,881,23.77
281,2004,5,5,20,29,24434,194,0.79
282,2004,5,5,30,39,28163,512,1.82
283,2004,5,5,40,49,32658,1213,3.71
284,2004,5,5,50,59,25516,2058,8.07
285,2004,5,5,60,69,15558,2268,14.58
286,2004,5,5,70,79,11394,2218,19.47
287,2004,5,5,80,109,8973,1490,16.61
288,2004,5,10,20,29,23630,179,0.76
289,2004,5,10,30,39,25732,460,1.79
290,2004,5,10,40,49,30885,1383,4.48
291,2004,5,10,50,59,24093,2554,10.6
292,2004,5,10,60,69,14630,2968,20.29
293,2004,5,10,70,79,9025,2299,25.47
294,2004,5,10,80,109,4542,991,21.82
295,2004,15,5,20,29,8142,103,1.27
296,2004,15,5,30,39,9770,285,2.92
297,2004,15,5,40,49,13787,644,4.67
298,2004,15,5,50,59,12906,1280,9.92
299,2004,15,5,60,69,8809,1491,16.93
300,2004,15,5,70,79,6321,1455,23.02
301,2004,15,5,80,109,5490,1089,19.84
302,2004,15,10,20,29,8342,99,1.19
303,2004,15,10,30,39,9667,249,2.58
304,2004,15,10,40,49,13168,674,5.12
305,2004,15,10,50,59,13366,1722,12.88
306,2004,15,10,60,69,8627,1780,20.63
307,2004,15,10,70,79,5228,1450,27.74
308,2004,15,10,80,109,2846,732,25.72
309,2004,10,5,20,29,7978,78,0.98
310,2004,10,5,30,39,9971,219,2.2
311,2004,10,5,40,49,12441,545,4.38
312,2004,10,5,50,59,11277,957,8.49
313,2004,10,5,60,69,7298,1104,15.13
314,2004,10,5,70,79,5490,1036,18.87
315,2004,10,5,80,109,4729,859,18.16
316,2004,10,10,20,29,8019,70,0.87
317,2004,10,10,30,39,9594,205,2.14
318,2004,10,10,40,49,12228,580,4.74
319,2004,10,10,50,59,11304,1229,10.87
320,2004,10,10,60,69,7432,1387,18.66
321,2004,10,10,70,79,4545,1077,23.7
322,2004,10,10,80,109,2477,549,22.16
323,2004,25,5,20,29,11999,71,0.59
324,2004,25,5,30,39,8789,110,1.25
325,2004,25,5,40,49,7237,220,3.04
326,2004,25,5,50,59,5158,354,6.86
327,2004,25,5,60,69,3033,418,13.78
328,2004,25,5,70,79,1963,325,16.56
329,2004,25,5,80,109,1596,267,16.73
330,2004,25,10,20,29,11699,75,0.64
331,2004,25,10,30,39,8275,140,1.69
332,2004,25,10,40,49,6954,219,3.15
333,2004,25,10,50,59,4802,441,9.18
334,2004,25,10,60,69,2810,497,17.69
335,2004,25,10,70,79,1544,334,21.63
336,2004,25,10,80,109,802,166,20.7
337,2004,20,5,20,29,9833,87,0.88
338,2004,20,5,30,39,12455,262,2.1
339,2004,20,5,40,49,17280,763,4.42
340,2004,20,5,50,59,15595,1462,9.37
341,2004,20,5,60,69,10608,1701,16.04
342,2004,20,5,70,79,7697,1677,21.79
343,2004,20,5,80,109,6433,1290,20.05
344,2004,20,10,20,29,9784,71,0.73
345,2004,20,10,30,39,12111,230,1.9
346,2004,20,10,40,49,16601,769,4.63
347,2004,20,10,50,59,15411,1783,11.57
348,2004,20,10,60,69,10560,2064,19.55
349,2004,20,10,70,79,6736,1649,24.48
350,2004,20,10,80,109,3746,926,24.72
351,2005,5,5,20,29,24753,209,0.84
352,2005,5,5,30,39,28195,535,1.9
353,2005,5,5,40,49,32938,1284,3.9
354,2005,5,5,50,59,26659,2239,8.4
355,2005,5,5,60,69,16270,2452,15.07
356,2005,5,5,70,79,11350,2320,20.44
357,2005,5,5,80,109,9150,1597,17.45
358,2005,5,10,20,29,24081,193,0.8
359,2005,5,10,30,39,25711,463,1.8
360,2005,5,10,40,49,31304,1458,4.66
361,2005,5,10,50,59,25057,2727,10.88
362,2005,5,10,60,69,15285,3203,20.96
363,2005,5,10,70,79,9255,2469,26.68
364,2005,5,10,80,109,4656,1061,22.79
365,2005,15,5,20,29,8113,105,1.29
366,2005,15,5,30,39,9580,282,2.94
367,2005,15,5,40,49,13574,683,5.03
368,2005,15,5,50,59,13299,1381,10.38
369,2005,15,5,60,69,9035,1625,17.99
370,2005,15,5,70,79,6373,1502,23.57
371,2005,15,5,80,109,5483,1153,21.03
372,2005,15,10,20,29,8310,107,1.29
373,2005,15,10,30,39,9547,247,2.59
374,2005,15,10,40,49,12926,722,5.59
375,2005,15,10,50,59,13605,1816,13.35
376,2005,15,10,60,69,8907,1944,21.83
377,2005,15,10,70,79,5336,1523,28.54
378,2005,15,10,80,109,2874,758,26.37
379,2005,10,5,20,29,7959,77,0.97
380,2005,10,5,30,39,9740,232,2.38
381,2005,10,5,40,49,12434,562,4.52
382,2005,10,5,50,59,11577,1032,8.91
383,2005,10,5,60,69,7581,1149,15.16
384,2005,10,5,70,79,5507,1101,19.99
385,2005,10,5,80,109,4788,920,19.21
386,2005,10,10,20,29,7973,80,1
387,2005,10,10,30,39,9445,214,2.27
388,2005,10,10,40,49,12143,577,4.75
389,2005,10,10,50,59,11612,1290,11.11
390,2005,10,10,60,69,7671,1477,19.25
391,2005,10,10,70,79,4641,1106,23.83
392,2005,10,10,80,109,2527,579,22.91
393,2005,25,5,20,29,11830,81,0.68
394,2005,25,5,30,39,8521,107,1.26
395,2005,25,5,40,49,7143,219,3.07
396,2005,25,5,50,59,5194,394,7.59
397,2005,25,5,60,69,3091,431,13.94
398,2005,25,5,70,79,1855,333,17.95
399,2005,25,5,80,109,1595,274,17.18
400,2005,25,10,20,29,11520,78,0.68
401,2005,25,10,30,39,7955,139,1.75
402,2005,25,10,40,49,6878,253,3.68
403,2005,25,10,50,59,4848,453,9.34
404,2005,25,10,60,69,2826,486,17.2
405,2005,25,10,70,79,1529,358,23.41
406,2005,25,10,80,109,799,169,21.15
407,2005,20,5,20,29,9806,90,0.92
408,2005,20,5,30,39,12087,269,2.23
409,2005,20,5,40,49,17219,779,4.52
410,2005,20,5,50,59,15987,1565,9.79
411,2005,20,5,60,69,11042,1821,16.49
412,2005,20,5,70,79,7757,1737,22.39
413,2005,20,5,80,109,6468,1366,21.12
414,2005,20,10,20,29,9726,87,0.89
415,2005,20,10,30,39,11861,230,1.94
416,2005,20,10,40,49,16500,857,5.19
417,2005,20,10,50,59,15692,1849,11.78
418,2005,20,10,60,69,10950,2249,20.54
419,2005,20,10,70,79,6875,1747,25.41
420,2005,20,10,80,109,3828,965,25.21
421,2006,5,5,20,29,25210,216,0.86
422,2006,5,5,30,39,28270,532,1.88
423,2006,5,5,40,49,33209,1356,4.08
424,2006,5,5,50,59,27306,2404,8.8
425,2006,5,5,60,69,17388,2685,15.44
426,2006,5,5,70,79,11409,2454,21.51
427,2006,5,5,80,109,9433,1744,18.49
428,2006,5,10,20,29,24563,218,0.89
429,2006,5,10,30,39,25865,461,1.78
430,2006,5,10,40,49,31540,1514,4.8
431,2006,5,10,50,59,25813,2969,11.5
432,2006,5,10,60,69,16324,3505,21.47
433,2006,5,10,70,79,9507,2619,27.55
434,2006,5,10,80,109,4813,1189,24.7
435,2006,15,5,20,29,8078,110,1.36
436,2006,15,5,30,39,9373,296,3.16
437,2006,15,5,40,49,13293,725,5.45
438,2006,15,5,50,59,13417,1388,10.35
439,2006,15,5,60,69,9509,1756,18.47
440,2006,15,5,70,79,6518,1604,24.61
441,2006,15,5,80,109,5494,1193,21.71
442,2006,15,10,20,29,8281,110,1.33
443,2006,15,10,30,39,9297,264,2.84
444,2006,15,10,40,49,12642,722,5.71
445,2006,15,10,50,59,13667,1868,13.67
446,2006,15,10,60,69,9448,2137,22.62
447,2006,15,10,70,79,5434,1568,28.86
448,2006,15,10,80,109,2853,788,27.62
449,2006,10,5,20,29,7825,73,0.93
450,2006,10,5,30,39,9646,243,2.52
451,2006,10,5,40,49,12365,584,4.72
452,2006,10,5,50,59,11720,1072,9.15
453,2006,10,5,60,69,8034,1252,15.58
454,2006,10,5,70,79,5535,1145,20.69
455,2006,10,5,80,109,4834,972,20.11
456,2006,10,10,20,29,7840,88,1.12
457,2006,10,10,30,39,9381,211,2.25
458,2006,10,10,40,49,11988,600,5.01
459,2006,10,10,50,59,11752,1344,11.44
460,2006,10,10,60,69,8189,1616,19.73
461,2006,10,10,70,79,4743,1171,24.69
462,2006,10,10,80,109,2580,634,24.57
463,2006,25,5,20,29,11597,75,0.65
464,2006,25,5,30,39,8101,109,1.35
465,2006,25,5,40,49,6850,213,3.11
466,2006,25,5,50,59,5194,406,7.82
467,2006,25,5,60,69,3227,428,13.26
468,2006,25,5,70,79,1786,360,20.16
469,2006,25,5,80,109,1653,298,18.03
470,2006,25,10,20,29,11045,91,0.82
471,2006,25,10,30,39,7523,141,1.87
472,2006,25,10,40,49,6678,278,4.16
473,2006,25,10,50,59,4806,461,9.59
474,2006,25,10,60,69,2950,526,17.83
475,2006,25,10,70,79,1516,353,23.28
476,2006,25,10,80,109,791,171,21.62
477,2006,20,5,20,29,9771,90,0.92
478,2006,20,5,30,39,11942,277,2.32
479,2006,20,5,40,49,16908,838,4.96
480,2006,20,5,50,59,16158,1619,10.02
481,2006,20,5,60,69,11768,2018,17.15
482,2006,20,5,70,79,7823,1859,23.76
483,2006,20,5,80,109,6563,1447,22.05
484,2006,20,10,20,29,9683,93,0.96
485,2006,20,10,30,39,11610,261,2.25
486,2006,20,10,40,49,16279,868,5.33
487,2006,20,10,50,59,15847,1958,12.36
488,2006,20,10,60,69,11539,2461,21.33
489,2006,20,10,70,79,7061,1864,26.4
490,2006,20,10,80,109,3886,1024,26.35
491,2007,5,5,20,29,25666,236,0.92
492,2007,5,5,30,39,28473,541,1.9
493,2007,5,5,40,49,33352,1383,4.15
494,2007,5,5,50,59,27916,2522,9.03
495,2007,5,5,60,69,18623,2933,15.75
496,2007,5,5,70,79,11507,2528,21.97
497,2007,5,5,80,109,9594,1863,19.42
498,2007,5,10,20,29,24866,233,0.94
499,2007,5,10,30,39,26160,484,1.85
500,2007,5,10,40,49,31446,1598,5.08
501,2007,5,10,50,59,26601,3096,11.64
502,2007,5,10,60,69,17445,3790,21.73
503,2007,5,10,70,79,9706,2761,28.45
504,2007,5,10,80,109,4950,1290,26.06
505,2007,15,5,20,29,8028,101,1.26
506,2007,15,5,30,39,9261,307,3.31
507,2007,15,5,40,49,12836,723,5.63
508,2007,15,5,50,59,13590,1414,10.4
509,2007,15,5,60,69,10062,1897,18.85
510,2007,15,5,70,79,6547,1664,25.42
511,2007,15,5,80,109,5517,1236,22.4
512,2007,15,10,20,29,8321,120,1.44
513,2007,15,10,30,39,9088,250,2.75
514,2007,15,10,40,49,12329,716,5.81
515,2007,15,10,50,59,13619,1892,13.89
516,2007,15,10,60,69,9963,2309,23.18
517,2007,15,10,70,79,5581,1634,29.28
518,2007,15,10,80,109,2894,848,29.3
519,2007,10,5,20,29,7823,73,0.93
520,2007,10,5,30,39,9525,250,2.62
521,2007,10,5,40,49,12133,598,4.93
522,2007,10,5,50,59,11890,1094,9.2
523,2007,10,5,60,69,8603,1336,15.53
524,2007,10,5,70,79,5540,1214,21.91
525,2007,10,5,80,109,4873,984,20.19
526,2007,10,10,20,29,7757,98,1.26
527,2007,10,10,30,39,9241,218,2.36
528,2007,10,10,40,49,11782,614,5.21
529,2007,10,10,50,59,11947,1391,11.64
530,2007,10,10,60,69,8615,1733,20.12
531,2007,10,10,70,79,4854,1229,25.32
532,2007,10,10,80,109,2626,682,25.97
533,2007,25,5,20,29,10959,81,0.74
534,2007,25,5,30,39,7658,113,1.48
535,2007,25,5,40,49,6499,203,3.12
536,2007,25,5,50,59,5102,382,7.49
537,2007,25,5,60,69,3313,449,13.55
538,2007,25,5,70,79,1789,351,19.62
539,2007,25,5,80,109,1625,302,18.58
540,2007,25,10,20,29,10307,96,0.93
541,2007,25,10,30,39,7043,126,1.79
542,2007,25,10,40,49,6294,266,4.23
543,2007,25,10,50,59,4699,444,9.45
544,2007,25,10,60,69,3012,539,17.9
545,2007,25,10,70,79,1532,346,22.58
546,2007,25,10,80,109,790,192,24.3
547,2007,20,5,20,29,9718,91,0.94
548,2007,20,5,30,39,11763,283,2.41
549,2007,20,5,40,49,16546,827,5
550,2007,20,5,50,59,16376,1665,10.17
551,2007,20,5,60,69,12446,2179,17.51
552,2007,20,5,70,79,8007,1919,23.97
553,2007,20,5,80,109,6600,1531,23.2
554,2007,20,10,20,29,9623,97,1.01
555,2007,20,10,30,39,11394,267,2.34
556,2007,20,10,40,49,15816,877,5.55
557,2007,20,10,50,59,16126,1978,12.27
558,2007,20,10,60,69,12183,2681,22.01
559,2007,20,10,70,79,7238,1923,26.57
560,2007,20,10,80,109,3972,1092,27.49
561,2008,5,5,20,29,26203,252,0.96
562,2008,5,5,30,39,28817,547,1.9
563,2008,5,5,40,49,33285,1456,4.37
564,2008,5,5,50,59,28893,2610,9.03
565,2008,5,5,60,69,19638,3177,16.18
566,2008,5,5,70,79,11745,2628,22.38
567,2008,5,5,80,109,9748,2024,20.76
568,2008,5,10,20,29,25565,259,1.01
569,2008,5,10,30,39,26525,498,1.88
570,2008,5,10,40,49,31537,1688,5.35
571,2008,5,10,50,59,27471,3253,11.84
572,2008,5,10,60,69,18366,4074,22.18
573,2008,5,10,70,79,9999,2980,29.8
574,2008,5,10,80,109,5122,1408,27.49
575,2008,15,5,20,29,7981,106,1.33
576,2008,15,5,30,39,9173,301,3.28
577,2008,15,5,40,49,12470,741,5.94
578,2008,15,5,50,59,13766,1435,10.42
579,2008,15,5,60,69,10501,2002,19.06
580,2008,15,5,70,79,6649,1725,25.94
581,2008,15,5,80,109,5558,1302,23.43
582,2008,15,10,20,29,8393,132,1.57
583,2008,15,10,30,39,9036,242,2.68
584,2008,15,10,40,49,12072,735,6.09
585,2008,15,10,50,59,13649,1846,13.52
586,2008,15,10,60,69,10374,2502,24.12
587,2008,15,10,70,79,5753,1732,30.11
588,2008,15,10,80,109,2944,927,31.49
589,2008,10,5,20,29,7803,66,0.85
590,2008,10,5,30,39,9507,251,2.64
591,2008,10,5,40,49,11934,598,5.01
592,2008,10,5,50,59,12053,1121,9.3
593,2008,10,5,60,69,8987,1431,15.92
594,2008,10,5,70,79,5691,1293,22.72
595,2008,10,5,80,109,4941,1041,21.07
596,2008,10,10,20,29,7789,98,1.26
597,2008,10,10,30,39,9196,222,2.41
598,2008,10,10,40,49,11687,615,5.26
599,2008,10,10,50,59,12054,1436,11.91
600,2008,10,10,60,69,9026,1855,20.55
601,2008,10,10,70,79,4991,1299,26.03
602,2008,10,10,80,109,2702,711,26.31
603,2008,25,5,20,29,10538,67,0.64
604,2008,25,5,30,39,7185,119,1.66
605,2008,25,5,40,49,6253,203,3.25
606,2008,25,5,50,59,5026,375,7.46
607,2008,25,5,60,69,3403,457,13.43
608,2008,25,5,70,79,1785,361,20.22
609,2008,25,5,80,109,1611,319,19.8
610,2008,25,10,20,29,9815,101,1.03
611,2008,25,10,30,39,6689,117,1.75
612,2008,25,10,40,49,6011,279,4.64
613,2008,25,10,50,59,4587,458,9.98
614,2008,25,10,60,69,3098,559,18.04
615,2008,25,10,70,79,1539,366,23.78
616,2008,25,10,80,109,798,199,24.94
617,2008,20,5,20,29,9775,89,0.91
618,2008,20,5,30,39,11535,296,2.57
619,2008,20,5,40,49,16270,814,5
620,2008,20,5,50,59,16629,1702,10.24
621,2008,20,5,60,69,13044,2318,17.77
622,2008,20,5,70,79,8205,2014,24.55
623,2008,20,5,80,109,6724,1617,24.05
624,2008,20,10,20,29,9747,107,1.1
625,2008,20,10,30,39,11158,254,2.28
626,2008,20,10,40,49,15533,861,5.54
627,2008,20,10,50,59,16298,2021,12.4
628,2008,20,10,60,69,12848,2909,22.64
629,2008,20,10,70,79,7402,2072,27.99
630,2008,20,10,80,109,4082,1183,28.98
631,2009,5,5,20,29,26730,252,0.94
632,2009,5,5,30,39,29139,568,1.95
633,2009,5,5,40,49,33293,1523,4.57
634,2009,5,5,50,59,29881,2811,9.41
635,2009,5,5,60,69,20573,3418,16.61
636,2009,5,5,70,79,12001,2747,22.89
637,2009,5,5,80,109,9822,2123,21.61
638,2009,5,10,20,29,26401,267,1.01
639,2009,5,10,30,39,26872,536,1.99
640,2009,5,10,40,49,31579,1756,5.56
641,2009,5,10,50,59,28361,3453,12.18
642,2009,5,10,60,69,19318,4429,22.93
643,2009,5,10,70,79,10224,3160,30.91
644,2009,5,10,80,109,5318,1555,29.24
645,2009,15,5,20,29,8065,109,1.35
646,2009,15,5,30,39,9088,322,3.54
647,2009,15,5,40,49,12145,750,6.18
648,2009,15,5,50,59,13904,1513,10.88
649,2009,15,5,60,69,10833,2066,19.07
650,2009,15,5,70,79,6790,1808,26.63
651,2009,15,5,80,109,5595,1384,24.74
652,2009,15,10,20,29,8424,137,1.63
653,2009,15,10,30,39,9024,248,2.75
654,2009,15,10,40,49,11819,764,6.46
655,2009,15,10,50,59,13620,1851,13.59
656,2009,15,10,60,69,10904,2662,24.41
657,2009,15,10,70,79,5921,1849,31.23
658,2009,15,10,80,109,2995,976,32.59
659,2009,10,5,20,29,7827,70,0.89
660,2009,10,5,30,39,9421,258,2.74
661,2009,10,5,40,49,11756,634,5.39
662,2009,10,5,50,59,12253,1155,9.43
663,2009,10,5,60,69,9410,1553,16.5
664,2009,10,5,70,79,5786,1353,23.38
665,2009,10,5,80,109,4981,1091,21.9
666,2009,10,10,20,29,7930,105,1.32
667,2009,10,10,30,39,9100,227,2.49
668,2009,10,10,40,49,11550,644,5.58
669,2009,10,10,50,59,12176,1517,12.46
670,2009,10,10,60,69,9521,2063,21.67
671,2009,10,10,70,79,5075,1381,27.21
672,2009,10,10,80,109,2750,747,27.16
673,2009,25,5,20,29,10190,77,0.76
674,2009,25,5,30,39,6760,110,1.63
675,2009,25,5,40,49,6071,217,3.57
676,2009,25,5,50,59,4955,394,7.95
677,2009,25,5,60,69,3477,477,13.72
678,2009,25,5,70,79,1774,367,20.69
679,2009,25,5,80,109,1600,342,21.38
680,2009,25,10,20,29,9404,92,0.98
681,2009,25,10,30,39,6360,107,1.68
682,2009,25,10,40,49,5736,287,5
683,2009,25,10,50,59,4473,468,10.46
684,2009,25,10,60,69,3185,599,18.81
685,2009,25,10,70,79,1562,390,24.97
686,2009,25,10,80,109,815,204,25.03
687,2009,20,5,20,29,9792,99,1.01
688,2009,20,5,30,39,11415,303,2.65
689,2009,20,5,40,49,15877,807,5.08
690,2009,20,5,50,59,16972,1783,10.51
691,2009,20,5,60,69,13662,2479,18.15
692,2009,20,5,70,79,8323,2118,25.45
693,2009,20,5,80,109,6813,1704,25.01
694,2009,20,10,20,29,9867,108,1.09
695,2009,20,10,30,39,11017,257,2.33
696,2009,20,10,40,49,15237,882,5.79
697,2009,20,10,50,59,16472,2089,12.68
698,2009,20,10,60,69,13507,3130,23.17
699,2009,20,10,70,79,7587,2219,29.25
700,2009,20,10,80,109,4172,1237,29.65
701,2010,5,5,20,29,27253,258,0.95
702,2010,5,5,30,39,29314,590,2.01
703,2010,5,5,40,49,33396,1573,4.71
704,2010,5,5,50,59,30883,2897,9.38
705,2010,5,5,60,69,21700,3698,17.04
706,2010,5,5,70,79,12215,2886,23.63
707,2010,5,5,80,109,10055,2222,22.1
708,2010,5,10,20,29,27307,271,0.99
709,2010,5,10,30,39,27222,556,2.04
710,2010,5,10,40,49,31538,1821,5.77
711,2010,5,10,50,59,29281,3624,12.38
712,2010,5,10,60,69,20385,4759,23.35
713,2010,5,10,70,79,10476,3301,31.51
714,2010,5,10,80,109,5510,1668,30.27
715,2010,15,5,20,29,8109,116,1.43
716,2010,15,5,30,39,9073,326,3.59
717,2010,15,5,40,49,11716,743,6.34
718,2010,15,5,50,59,14078,1549,11
719,2010,15,5,60,69,11273,2175,19.29
720,2010,15,5,70,79,6963,1907,27.39
721,2010,15,5,80,109,5548,1441,25.97
722,2010,15,10,20,29,8643,144,1.67
723,2010,15,10,30,39,8926,236,2.64
724,2010,15,10,40,49,11503,753,6.55
725,2010,15,10,50,59,13721,1875,13.67
726,2010,15,10,60,69,11297,2800,24.79
727,2010,15,10,70,79,6105,1934,31.68
728,2010,15,10,80,109,3076,1027,33.39
729,2010,10,5,20,29,7913,77,0.97
730,2010,10,5,30,39,9268,246,2.65
731,2010,10,5,40,49,11594,659,5.68
732,2010,10,5,50,59,12513,1195,9.55
733,2010,10,5,60,69,9785,1674,17.11
734,2010,10,5,70,79,5840,1409,24.13
735,2010,10,5,80,109,5077,1166,22.97
736,2010,10,10,20,29,8074,109,1.35
737,2010,10,10,30,39,8964,228,2.54
738,2010,10,10,40,49,11404,659,5.78
739,2010,10,10,50,59,12340,1588,12.87
740,2010,10,10,60,69,9858,2189,22.21
741,2010,10,10,70,79,5263,1478,28.08
742,2010,10,10,80,109,2844,796,27.99
743,2010,25,5,20,29,10147,75,0.74
744,2010,25,5,30,39,6427,108,1.68
745,2010,25,5,40,49,5844,211,3.61
746,2010,25,5,50,59,4932,379,7.68
747,2010,25,5,60,69,3555,521,14.66
748,2010,25,5,70,79,1790,366,20.45
749,2010,25,5,80,109,1586,344,21.69
750,2010,25,10,20,29,9426,87,0.92
751,2010,25,10,30,39,6004,89,1.48
752,2010,25,10,40,49,5647,310,5.49
753,2010,25,10,50,59,4436,449,10.12
754,2010,25,10,60,69,3248,646,19.89
755,2010,25,10,70,79,1568,391,24.94
756,2010,25,10,80,109,798,201,25.19
757,2010,20,5,20,29,9924,101,1.02
758,2010,20,5,30,39,11296,305,2.7
759,2010,20,5,40,49,15446,826,5.35
760,2010,20,5,50,59,17349,1871,10.78
761,2010,20,5,60,69,14284,2654,18.58
762,2010,20,5,70,79,8525,2237,26.24
763,2010,20,5,80,109,6946,1830,26.35
764,2010,20,10,20,29,10054,120,1.19
765,2010,20,10,30,39,10809,260,2.41
766,2010,20,10,40,49,14947,928,6.21
767,2010,20,10,50,59,16830,2204,13.1
768,2010,20,10,60,69,13936,3295,23.64
769,2010,20,10,70,79,7915,2406,30.4
770,2010,20,10,80,109,4260,1306,30.66
771,2011,5,5,20,29,27787,270,0.97
772,2011,5,5,30,39,29535,587,1.99
773,2011,5,5,40,49,33313,1545,4.64
774,2011,5,5,50,59,31896,3090,9.69
775,2011,5,5,60,69,22702,3890,17.14
776,2011,5,5,70,79,12547,2995,23.87
777,2011,5,5,80,109,10264,2359,22.98
778,2011,5,10,20,29,28003,284,1.01
779,2011,5,10,30,39,27397,564,2.06
780,2011,5,10,40,49,31344,1835,5.85
781,2011,5,10,50,59,30479,3823,12.54
782,2011,5,10,60,69,21137,4940,23.37
783,2011,5,10,70,79,10856,3488,32.13
784,2011,5,10,80,109,5744,1802,31.37
785,2011,15,5,20,29,8136,115,1.41
786,2011,15,5,30,39,8944,320,3.58
787,2011,15,5,40,49,11444,772,6.75
788,2011,15,5,50,59,14173,1625,11.47
789,2011,15,5,60,69,11645,2242,19.25
790,2011,15,5,70,79,7081,1979,27.95
791,2011,15,5,80,109,5642,1514,26.83
792,2011,15,10,20,29,8764,144,1.64
793,2011,15,10,30,39,8812,251,2.85
794,2011,15,10,40,49,11242,755,6.72
795,2011,15,10,50,59,13768,1890,13.73
796,2011,15,10,60,69,11609,2945,25.37
797,2011,15,10,70,79,6332,2019,31.89
798,2011,15,10,80,109,3132,1050,33.52
799,2011,10,5,20,29,7921,80,1.01
800,2011,10,5,30,39,9152,243,2.66
801,2011,10,5,40,49,11385,626,5.5
802,2011,10,5,50,59,12780,1311,10.26
803,2011,10,5,60,69,10104,1758,17.4
804,2011,10,5,70,79,5982,1457,24.36
805,2011,10,5,80,109,5066,1204,23.77
806,2011,10,10,20,29,8190,118,1.44
807,2011,10,10,30,39,8809,218,2.47
808,2011,10,10,40,49,11256,696,6.18
809,2011,10,10,50,59,12450,1635,13.13
810,2011,10,10,60,69,10245,2294,22.39
811,2011,10,10,70,79,5437,1620,29.8
812,2011,10,10,80,109,2908,822,28.27
813,2011,25,5,20,29,9838,79,0.8
814,2011,25,5,30,39,6187,89,1.44
815,2011,25,5,40,49,5674,222,3.91
816,2011,25,5,50,59,4901,367,7.49
817,2011,25,5,60,69,3583,537,14.99
818,2011,25,5,70,79,1796,359,19.99
819,2011,25,5,80,109,1537,338,21.99
820,2011,25,10,20,29,9103,83,0.91
821,2011,25,10,30,39,5810,106,1.82
822,2011,25,10,40,49,5450,294,5.39
823,2011,25,10,50,59,4500,477,10.6
824,2011,25,10,60,69,3271,656,20.06
825,2011,25,10,70,79,1603,417,26.01
826,2011,25,10,80,109,809,206,25.46
827,2011,20,5,20,29,10002,108,1.08
828,2011,20,5,30,39,11115,311,2.8
829,2011,20,5,40,49,15083,815,5.4
830,2011,20,5,50,59,17689,1949,11.02
831,2011,20,5,60,69,14757,2816,19.08
832,2011,20,5,70,79,8724,2290,26.25
833,2011,20,5,80,109,7095,1906,26.86
834,2011,20,10,20,29,10182,119,1.17
835,2011,20,10,30,39,10694,257,2.4
836,2011,20,10,40,49,14479,934,6.45
837,2011,20,10,50,59,17142,2317,13.52
838,2011,20,10,60,69,14407,3446,23.92
839,2011,20,10,70,79,8188,2575,31.45
840,2011,20,10,80,109,4381,1369,31.25
841,2012,5,5,20,29,28021,274,0.98
842,2012,5,5,30,39,29927,619,2.07
843,2012,5,5,40,49,32956,1537,4.66
844,2012,5,5,50,59,32918,3210,9.75
845,2012,5,5,60,69,23635,4041,17.1
846,2012,5,5,70,79,13019,3168,24.33
847,2012,5,5,80,109,10434,2471,23.68
848,2012,5,10,20,29,28345,290,1.02
849,2012,5,10,30,39,27709,601,2.17
850,2012,5,10,40,49,30990,1796,5.8
851,2012,5,10,50,59,31632,4011,12.68
852,2012,5,10,60,69,22052,5159,23.39
853,2012,5,10,70,79,11313,3692,32.64
854,2012,5,10,80,109,5949,1885,31.69
855,2012,15,5,20,29,8197,110,1.34
856,2012,15,5,30,39,8860,329,3.71
857,2012,15,5,40,49,11056,766,6.93
858,2012,15,5,50,59,14236,1641,11.53
859,2012,15,5,60,69,12026,2327,19.35
860,2012,15,5,70,79,7291,2029,27.83
861,2012,15,5,80,109,5676,1563,27.54
862,2012,15,10,20,29,8792,145,1.65
863,2012,15,10,30,39,8827,262,2.97
864,2012,15,10,40,49,10903,731,6.7
865,2012,15,10,50,59,13712,1876,13.68
866,2012,15,10,60,69,11972,3003,25.08
867,2012,15,10,70,79,6587,2136,32.43
868,2012,15,10,80,109,3249,1083,33.33
869,2012,10,5,20,29,7933,80,1.01
870,2012,10,5,30,39,9109,242,2.66
871,2012,10,5,40,49,11155,646,5.79
872,2012,10,5,50,59,12930,1327,10.26
873,2012,10,5,60,69,10456,1839,17.59
874,2012,10,5,70,79,6187,1496,24.18
875,2012,10,5,80,109,5069,1215,23.97
876,2012,10,10,20,29,8286,119,1.44
877,2012,10,10,30,39,8696,219,2.52
878,2012,10,10,40,49,11088,705,6.36
879,2012,10,10,50,59,12507,1609,12.86
880,2012,10,10,60,69,10502,2409,22.94
881,2012,10,10,70,79,5699,1692,29.69
882,2012,10,10,80,109,2956,869,29.4
883,2012,25,5,20,29,9350,72,0.77
884,2012,25,5,30,39,5973,83,1.39
885,2012,25,5,40,49,5338,213,3.99
886,2012,25,5,50,59,4888,378,7.73
887,2012,25,5,60,69,3585,524,14.62
888,2012,25,5,70,79,1786,365,20.44
889,2012,25,5,80,109,1487,327,21.99
890,2012,25,10,20,29,8536,80,0.94
891,2012,25,10,30,39,5496,101,1.84
892,2012,25,10,40,49,5172,285,5.51
893,2012,25,10,50,59,4459,471,10.56
894,2012,25,10,60,69,3214,639,19.88
895,2012,25,10,70,79,1645,432,26.26
896,2012,25,10,80,109,832,215,25.84
897,2012,20,5,20,29,10064,114,1.13
898,2012,20,5,30,39,11008,311,2.83
899,2012,20,5,40,49,14678,812,5.53
900,2012,20,5,50,59,17969,1971,10.97
901,2012,20,5,60,69,15173,2897,19.09
902,2012,20,5,70,79,9091,2402,26.42
903,2012,20,5,80,109,7199,1968,27.34
904,2012,20,10,20,29,10306,118,1.14
905,2012,20,10,30,39,10545,269,2.55
906,2012,20,10,40,49,14128,912,6.46
907,2012,20,10,50,59,17385,2383,13.71
908,2012,20,10,60,69,14831,3556,23.98
909,2012,20,10,70,79,8487,2707,31.9
910,2012,20,10,80,109,4519,1449,32.06
911,2013,5,5,20,29,28636,269,0.94
912,2013,5,5,30,39,30165,613,2.03
913,2013,5,5,40,49,32795,1555,4.74
914,2013,5,5,50,59,33806,3285,9.72
915,2013,5,5,60,69,24676,4204,17.04
916,2013,5,5,70,79,13562,3282,24.2
917,2013,5,5,80,109,10616,2564,24.15
918,2013,5,10,20,29,28760,307,1.07
919,2013,5,10,30,39,28326,616,2.17
920,2013,5,10,40,49,30706,1731,5.64
921,2013,5,10,50,59,32796,4177,12.74
922,2013,5,10,60,69,22990,5301,23.06
923,2013,5,10,70,79,11890,3896,32.77
924,2013,5,10,80,109,6131,1984,32.36
925,2013,15,5,20,29,8253,113,1.37
926,2013,15,5,30,39,8800,323,3.67
927,2013,15,5,40,49,10788,765,7.09
928,2013,15,5,50,59,14150,1622,11.46
929,2013,15,5,60,69,12368,2401,19.41
930,2013,15,5,70,79,7568,2093,27.66
931,2013,15,5,80,109,5740,1618,28.19
932,2013,15,10,20,29,8802,156,1.77
933,2013,15,10,30,39,8882,265,2.98
934,2013,15,10,40,49,10641,732,6.88
935,2013,15,10,50,59,13605,1868,13.73
936,2013,15,10,60,69,12324,3044,24.7
937,2013,15,10,70,79,6872,2246,32.68
938,2013,15,10,80,109,3320,1114,33.55
939,2013,10,5,20,29,7929,85,1.07
940,2013,10,5,30,39,9002,239,2.65
941,2013,10,5,40,49,11029,649,5.88
942,2013,10,5,50,59,12960,1342,10.35
943,2013,10,5,60,69,10888,1941,17.83
944,2013,10,5,70,79,6370,1537,24.13
945,2013,10,5,80,109,5101,1250,24.5
946,2013,10,10,20,29,8306,128,1.54
947,2013,10,10,30,39,8762,219,2.5
948,2013,10,10,40,49,10897,688,6.31
949,2013,10,10,50,59,12618,1650,13.08
950,2013,10,10,60,69,10820,2522,23.31
951,2013,10,10,70,79,5978,1783,29.83
952,2013,10,10,80,109,3041,899,29.56
953,2013,25,5,20,29,8627,57,0.66
954,2013,25,5,30,39,5559,87,1.57
955,2013,25,5,40,49,4976,193,3.88
956,2013,25,5,50,59,4724,381,8.07
957,2013,25,5,60,69,3523,507,14.39
958,2013,25,5,70,79,1841,379,20.59
959,2013,25,5,80,109,1437,312,21.71
960,2013,25,10,20,29,7664,71,0.93
961,2013,25,10,30,39,5175,101,1.95
962,2013,25,10,40,49,4800,238,4.96
963,2013,25,10,50,59,4470,460,10.29
964,2013,25,10,60,69,3205,642,20.03
965,2013,25,10,70,79,1633,418,25.6
966,2013,25,10,80,109,869,227,26.12
967,2013,20,5,20,29,10147,123,1.21
968,2013,20,5,30,39,10972,296,2.7
969,2013,20,5,40,49,14139,791,5.59
970,2013,20,5,50,59,18252,2033,11.14
971,2013,20,5,60,69,15626,2973,19.03
972,2013,20,5,70,79,9463,2529,26.73
973,2013,20,5,80,109,7298,2025,27.75
974,2013,20,10,20,29,10411,118,1.13
975,2013,20,10,30,39,10497,274,2.61
976,2013,20,10,40,49,13742,916,6.67
977,2013,20,10,50,59,17598,2395,13.61
978,2013,20,10,60,69,15287,3720,24.33
979,2013,20,10,70,79,8837,2840,32.14
980,2013,20,10,80,109,4607,1507,32.71
981,2014,5,5,20,29,28982,261,0.9
982,2014,5,5,30,39,30667,622,2.03
983,2014,5,5,40,49,32411,1525,4.71
984,2014,5,5,50,59,34632,3296,9.52
985,2014,5,5,60,69,25737,4365,16.96
986,2014,5,5,70,79,14198,3424,24.12
987,2014,5,5,80,109,10749,2640,24.56
988,2014,5,10,20,29,29130,312,1.07
989,2014,5,10,30,39,28921,624,2.16
990,2014,5,10,40,49,30421,1718,5.65
991,2014,5,10,50,59,33576,4282,12.75
992,2014,5,10,60,69,23952,5524,23.06
993,2014,5,10,70,79,12535,4090,32.63
994,2014,5,10,80,109,6346,2100,33.09
995,2014,15,5,20,29,8336,124,1.49
996,2014,15,5,30,39,8717,314,3.6
997,2014,15,5,40,49,10455,765,7.32
998,2014,15,5,50,59,14117,1608,11.39
999,2014,15,5,60,69,12799,2513,19.63
1000,2014,15,5,70,79,7823,2145,27.42
1001,2014,15,5,80,109,5783,1655,28.62
1002,2014,15,10,20,29,8894,164,1.84
1003,2014,15,10,30,39,8784,258,2.94
1004,2014,15,10,40,49,10443,740,7.09
1005,2014,15,10,50,59,13451,1849,13.75
1006,2014,15,10,60,69,12767,3167,24.81
1007,2014,15,10,70,79,7053,2318,32.87
1008,2014,15,10,80,109,3405,1156,33.95
1009,2014,10,5,20,29,8014,84,1.05
1010,2014,10,5,30,39,8876,240,2.7
1011,2014,10,5,40,49,10845,653,6.02
1012,2014,10,5,50,59,12930,1379,10.67
1013,2014,10,5,60,69,11382,2028,17.82
1014,2014,10,5,70,79,6533,1601,24.51
1015,2014,10,5,80,109,5127,1256,24.5
1016,2014,10,10,20,29,8338,122,1.46
1017,2014,10,10,30,39,8729,210,2.41
1018,2014,10,10,40,49,10562,676,6.4
1019,2014,10,10,50,59,12713,1686,13.26
1020,2014,10,10,60,69,11190,2604,23.27
1021,2014,10,10,70,79,6230,1913,30.71
1022,2014,10,10,80,109,3106,960,30.91
1023,2014,25,5,20,29,7654,50,0.65
1024,2014,25,5,30,39,5090,77,1.51
1025,2014,25,5,40,49,4552,172,3.78
1026,2014,25,5,50,59,4550,355,7.8
1027,2014,25,5,60,69,3477,490,14.09
1028,2014,25,5,70,79,1841,375,20.37
1029,2014,25,5,80,109,1387,303,21.85
1030,2014,25,10,20,29,6728,63,0.94
1031,2014,25,10,30,39,4724,95,2.01
1032,2014,25,10,40,49,4368,221,5.06
1033,2014,25,10,50,59,4296,421,9.8
1034,2014,25,10,60,69,3140,635,20.22
1035,2014,25,10,70,79,1648,430,26.09
1036,2014,25,10,80,109,887,223,25.14
1037,2014,20,5,20,29,10195,123,1.21
1038,2014,20,5,30,39,10944,279,2.55
1039,2014,20,5,40,49,13683,814,5.95
1040,2014,20,5,50,59,18348,2033,11.08
1041,2014,20,5,60,69,16229,3120,19.22
1042,2014,20,5,70,79,9770,2578,26.39
1043,2014,20,5,80,109,7436,2093,28.15
1044,2014,20,10,20,29,10476,121,1.16
1045,2014,20,10,30,39,10479,283,2.7
1046,2014,20,10,40,49,13282,891,6.71
1047,2014,20,10,50,59,17698,2439,13.78
1048,2014,20,10,60,69,15747,3803,24.15
1049,2014,20,10,70,79,9167,3003,32.76
1050,2014,20,10,80,109,4784,1596,33.36
1051,2015,5,5,20,29,29557,278,0.94
1052,2015,5,5,30,39,31290,634,2.03
1053,2015,5,5,40,49,32516,1512,4.65
1054,2015,5,5,50,59,35039,3347,9.55
1055,2015,5,5,60,69,26923,4537,16.85
1056,2015,5,5,70,79,14924,3562,23.87
1057,2015,5,5,80,109,10710,2675,24.98
1058,2015,5,10,20,29,29485,309,1.05
1059,2015,5,10,30,39,29802,640,2.15
1060,2015,5,10,40,49,30434,1687,5.54
1061,2015,5,10,50,59,34170,4367,12.78
1062,2015,5,10,60,69,24985,5729,22.93
1063,2015,5,10,70,79,13153,4306,32.74
1064,2015,5,10,80,109,6531,2183,33.43
1065,2015,15,5,20,29,8462,133,1.57
1066,2015,15,5,30,39,8719,305,3.5
1067,2015,15,5,40,49,10251,746,7.28
1068,2015,15,5,50,59,13960,1662,11.91
1069,2015,15,5,60,69,13210,2587,19.58
1070,2015,15,5,70,79,8042,2242,27.88
1071,2015,15,5,80,109,5818,1676,28.81
1072,2015,15,10,20,29,8988,161,1.79
1073,2015,15,10,30,39,8824,272,3.08
1074,2015,15,10,40,49,10357,742,7.16
1075,2015,15,10,50,59,13251,1834,13.84
1076,2015,15,10,60,69,13034,3200,24.55
1077,2015,15,10,70,79,7277,2445,33.6
1078,2015,15,10,80,109,3520,1223,34.74
1079,2015,10,5,20,29,8147,84,1.03
1080,2015,10,5,30,39,8877,240,2.7
1081,2015,10,5,40,49,10628,653,6.14
1082,2015,10,5,50,59,12929,1374,10.63
1083,2015,10,5,60,69,11698,2122,18.14
1084,2015,10,5,70,79,6799,1655,24.34
1085,2015,10,5,80,109,5080,1253,24.67
1086,2015,10,10,20,29,8462,127,1.5
1087,2015,10,10,30,39,8736,212,2.43
1088,2015,10,10,40,49,10422,699,6.71
1089,2015,10,10,50,59,12613,1688,13.38
1090,2015,10,10,60,69,11521,2705,23.48
1091,2015,10,10,70,79,6502,2023,31.11
1092,2015,10,10,80,109,3180,986,31.01
1093,2015,25,5,20,29,6444,42,0.65
1094,2015,25,5,30,39,4616,77,1.67
1095,2015,25,5,40,49,4181,160,3.83
1096,2015,25,5,50,59,4179,328,7.85
1097,2015,25,5,60,69,3396,485,14.28
1098,2015,25,5,70,79,1819,364,20.01
1099,2015,25,5,80,109,1347,293,21.75
1100,2015,25,10,20,29,5656,64,1.13
1101,2015,25,10,30,39,4229,81,1.92
1102,2015,25,10,40,49,3964,186,4.69
1103,2015,25,10,50,59,4018,401,9.98
1104,2015,25,10,60,69,3099,608,19.62
1105,2015,25,10,70,79,1662,430,25.87
1106,2015,25,10,80,109,893,227,25.42
1107,2015,20,5,20,29,10352,135,1.3
1108,2015,20,5,30,39,10990,290,2.64
1109,2015,20,5,40,49,13362,824,6.17
1110,2015,20,5,50,59,18325,2055,11.21
1111,2015,20,5,60,69,16707,3199,19.15
1112,2015,20,5,70,79,10220,2712,26.54
1113,2015,20,5,80,109,7530,2161,28.7
1114,2015,20,10,20,29,10694,124,1.16
1115,2015,20,10,30,39,10523,282,2.68
1116,2015,20,10,40,49,13009,878,6.75
1117,2015,20,10,50,59,17700,2489,14.06
1118,2015,20,10,60,69,16150,3910,24.21
1119,2015,20,10,70,79,9582,3153,32.91
1120,2015,20,10,80,109,4948,1678,33.91
1121,2016,5,5,20,29,30153,300,0.99
1122,2016,5,5,30,39,32474,630,1.94
1123,2016,5,5,40,49,32614,1508,4.62
1124,2016,5,5,50,59,35379,3390,9.58
1125,2016,5,5,60,69,27693,4608,16.64
1126,2016,5,5,70,79,16059,3770,23.48
1127,2016,5,5,80,109,10830,2740,25.3
1128,2016,5,10,20,29,30190,300,0.99
1129,2016,5,10,30,39,30958,657,2.12
1130,2016,5,10,40,49,30774,1664,5.41
1131,2016,5,10,50,59,34501,4464,12.94
1132,2016,5,10,60,69,25736,5903,22.94
1133,2016,5,10,70,79,14115,4542,32.18
1134,2016,5,10,80,109,6782,2281,33.63
1135,2016,15,5,20,29,8610,128,1.49
1136,2016,15,5,30,39,8809,307,3.49
1137,2016,15,5,40,49,10056,767,7.63
1138,2016,15,5,50,59,13702,1669,12.18
1139,2016,15,5,60,69,13365,2615,19.57
1140,2016,15,5,70,79,8449,2315,27.4
1141,2016,15,5,80,109,5942,1739,29.27
1142,2016,15,10,20,29,9129,159,1.74
1143,2016,15,10,30,39,8947,285,3.19
1144,2016,15,10,40,49,10156,723,7.12
1145,2016,15,10,50,59,13087,1840,14.06
1146,2016,15,10,60,69,13115,3202,24.41
1147,2016,15,10,70,79,7752,2601,33.55
1148,2016,15,10,80,109,3630,1270,34.99
1149,2016,10,5,20,29,8318,90,1.08
1150,2016,10,5,30,39,8849,217,2.45
1151,2016,10,5,40,49,10571,674,6.38
1152,2016,10,5,50,59,12904,1390,10.77
1153,2016,10,5,60,69,11839,2156,18.21
1154,2016,10,5,70,79,7215,1718,23.81
1155,2016,10,5,80,109,5161,1286,24.92
1156,2016,10,10,20,29,8739,122,1.4
1157,2016,10,10,30,39,8711,218,2.5
1158,2016,10,10,40,49,10396,729,7.01
1159,2016,10,10,50,59,12533,1707,13.62
1160,2016,10,10,60,69,11657,2705,23.2
1161,2016,10,10,70,79,6976,2204,31.59
1162,2016,10,10,80,109,3291,1032,31.36
1163,2016,25,5,20,29,5404,33,0.61
1164,2016,25,5,30,39,4096,71,1.73
1165,2016,25,5,40,49,3730,150,4.02
1166,2016,25,5,50,59,3854,290,7.52
1167,2016,25,5,60,69,3207,465,14.5
1168,2016,25,5,70,79,1879,370,19.69
1169,2016,25,5,80,109,1307,285,21.81
1170,2016,25,10,20,29,4752,50,1.05
1171,2016,25,10,30,39,3811,65,1.71
1172,2016,25,10,40,49,3555,170,4.78
1173,2016,25,10,50,59,3695,372,10.07
1174,2016,25,10,60,69,2988,563,18.84
1175,2016,25,10,70,79,1686,436,25.86
1176,2016,25,10,80,109,915,231,25.25
1177,2016,20,5,20,29,10550,139,1.32
1178,2016,20,5,30,39,11139,307,2.76
1179,2016,20,5,40,49,13250,828,6.25
1180,2016,20,5,50,59,18168,2042,11.24
1181,2016,20,5,60,69,16967,3225,19.01
1182,2016,20,5,70,79,10957,2866,26.16
1183,2016,20,5,80,109,7609,2203,28.95
1184,2016,20,10,20,29,10933,129,1.18
1185,2016,20,10,30,39,10703,276,2.58
1186,2016,20,10,40,49,12824,899,7.01
1187,2016,20,10,50,59,17578,2490,14.17
1188,2016,20,10,60,69,16381,3959,24.17
1189,2016,20,10,70,79,10252,3383,33
1190,2016,20,10,80,109,5161,1758,34.06
1191,2017,5,5,20,29,30800,268,0.87
1192,2017,5,5,30,39,33816,607,1.8
1193,2017,5,5,40,49,32959,1406,4.27
1194,2017,5,5,50,59,35639,3186,8.94
1195,2017,5,5,60,69,28423,4502,15.84
1196,2017,5,5,70,79,17312,3874,22.38
1197,2017,5,5,80,109,11033,2764,25.05
1198,2017,5,10,20,29,30861,295,0.96
1199,2017,5,10,30,39,32270,621,1.92
1200,2017,5,10,40,49,31342,1555,4.96
1201,2017,5,10,50,59,34451,4169,12.1
1202,2017,5,10,60,69,26625,5805,21.8
1203,2017,5,10,70,79,15288,4722,30.89
1204,2017,5,10,80,109,6998,2325,33.22
1205,2017,15,5,20,29,8796,130,1.48
1206,2017,15,5,30,39,8850,280,3.16
1207,2017,15,5,40,49,10009,721,7.2
1208,2017,15,5,50,59,13312,1571,11.8
1209,2017,15,5,60,69,13569,2517,18.55
1210,2017,15,5,70,79,8984,2403,26.75
1211,2017,15,5,80,109,6016,1749,29.07
1212,2017,15,10,20,29,9258,155,1.67
1213,2017,15,10,30,39,9108,281,3.09
1214,2017,15,10,40,49,10037,664,6.62
1215,2017,15,10,50,59,12883,1712,13.29
1216,2017,15,10,60,69,13174,3098,23.52
1217,2017,15,10,70,79,8214,2678,32.6
1218,2017,15,10,80,109,3781,1315,34.78
1219,2017,10,5,20,29,8411,79,0.94
1220,2017,10,5,30,39,8922,204,2.29
1221,2017,10,5,40,49,10466,634,6.06
1222,2017,10,5,50,59,12756,1282,10.05
1223,2017,10,5,60,69,12032,2081,17.3
1224,2017,10,5,70,79,7789,1831,23.51
1225,2017,10,5,80,109,5148,1269,24.65
1226,2017,10,10,20,29,8905,120,1.35
1227,2017,10,10,30,39,8747,217,2.48
1228,2017,10,10,40,49,10358,657,6.34
1229,2017,10,10,50,59,12396,1608,12.97
1230,2017,10,10,60,69,11845,2614,22.07
1231,2017,10,10,70,79,7359,2291,31.13
1232,2017,10,10,80,109,3460,1067,30.84
1233,2017,25,5,20,29,4386,27,0.62
1234,2017,25,5,30,39,3602,57,1.58
1235,2017,25,5,40,49,3334,135,4.05
1236,2017,25,5,50,59,3482,253,7.27
1237,2017,25,5,60,69,3031,405,13.36
1238,2017,25,5,70,79,1918,368,19.19
1239,2017,25,5,80,109,1261,270,21.41
1240,2017,25,10,20,29,3809,29,0.76
1241,2017,25,10,30,39,3447,62,1.8
1242,2017,25,10,40,49,3179,138,4.34
1243,2017,25,10,50,59,3381,320,9.46
1244,2017,25,10,60,69,2814,495,17.59
1245,2017,25,10,70,79,1724,415,24.07
1246,2017,25,10,80,109,951,236,24.82
1247,2017,20,5,20,29,10805,126,1.17
1248,2017,20,5,30,39,11306,281,2.49
1249,2017,20,5,40,49,13165,803,6.1
1250,2017,20,5,50,59,17921,1851,10.33
1251,2017,20,5,60,69,17310,3121,18.03
1252,2017,20,5,70,79,11653,2971,25.5
1253,2017,20,5,80,109,7745,2208,28.51
1254,2017,20,10,20,29,11171,116,1.04
1255,2017,20,10,30,39,10847,262,2.42
1256,2017,20,10,40,49,12697,813,6.4
1257,2017,20,10,50,59,17255,2286,13.25
1258,2017,20,10,60,69,16723,3806,22.76
1259,2017,20,10,70,79,10927,3541,32.41
1260,2017,20,10,80,109,5355,1818,33.95
